price,discount_percent_percent,price_whitout_discount,day_release,month_release,year_release,type_review_Mixed,type_review_Mostly Negative,type_review_Mostly Positive,type_review_Overwhelmingly Positive,type_review_Positive,type_review_Very Positive,has_discount
0.0,1.0,0.0,0.6666666666666666,0.6363636363636364,0.2857142857142918,0.0,0.0,0.0,0.0,0.0,1.0,0
0.7476869217304326,1.0,0.5981196239247849,0.5666666666666667,0.36363636363636365,0.952380952380949,0.0,0.0,0.0,0.0,0.0,1.0,0
0.09977494373593397,0.4444444444444444,0.15963192638527704,0.16666666666666669,0.9999999999999999,0.8571428571428612,0.0,0.0,1.0,0.0,0.0,0.0,1
0.0,1.0,0.0,0.5666666666666667,0.0,0.7619047619047592,0.0,0.0,1.0,0.0,0.0,0.0,0
0.0,1.0,0.0,0.5333333333333333,0.0,0.904761904761898,0.0,0.0,0.0,0.0,0.0,1.0,0
0.7476869217304326,1.0,0.5981196239247849,0.8333333333333334,0.36363636363636365,0.952380952380949,0.0,0.0,0.0,0.0,0.0,1.0,0
0.5981495373843461,0.7777777777777778,0.5981196239247848,0.8333333333333334,0.09090909090909091,0.952380952380949,0.0,0.0,0.0,1.0,0.0,0.0,1
0.30005001250312574,1.0,0.24002800560112023,0.23333333333333334,0.09090909090909091,0.5714285714285694,0.0,0.0,0.0,0.0,0.0,1.0,0
0.45008752188047013,1.0,0.36005201040208046,0.13333333333333333,0.4545454545454545,0.952380952380949,0.0,0.0,0.0,0.0,0.0,1.0,0
0.0,1.0,0.0,0.1,0.9090909090909091,0.6666666666666714,0.0,0.0,1.0,0.0,0.0,0.0,0
0.1056514128532133,0.16666666666666663,0.33806761352270454,0.7666666666666667,0.0,0.6190476190476204,0.0,0.0,0.0,1.0,0.0,0.0,1
0.2700425106276569,1.0,0.21602320464092817,0.8,0.36363636363636365,0.952380952380949,0.0,0.0,0.0,0.0,0.0,1.0,0
0.0,1.0,0.0,0.8666666666666667,0.8181818181818182,0.7619047619047592,1.0,0.0,0.0,0.0,0.0,0.0,0
0.30005001250312574,1.0,0.24002800560112023,0.43333333333333335,0.36363636363636365,0.952380952380949,0.0,0.0,0.0,0.0,0.0,1.0,0
0.412353088272068,1.0,0.32986597319463895,0.1,0.4545454545454545,0.952380952380949,0.0,0.0,0.0,0.0,0.0,1.0,0
0.0,1.0,0.0,0.0,0.9999999999999999,0.4285714285714306,0.0,0.0,0.0,0.0,0.0,1.0,0
0.07999499874968742,0.7777777777777778,0.07999099819963992,0.03333333333333333,0.4545454545454545,0.952380952380949,0.0,0.0,1.0,0.0,0.0,0.0,1
0.18954738684671166,0.11111111111111105,0.7581516303260654,0.8,0.7272727272727273,0.904761904761898,1.0,0.0,0.0,0.0,0.0,0.0,1
0.49762440610152536,1.0,0.39807961592318464,0.06666666666666668,0.4545454545454545,0.952380952380949,0.0,0.0,0.0,0.0,0.0,1.0,0
0.0,1.0,0.0,0.1,0.36363636363636365,0.952380952380949,0.0,0.0,0.0,0.0,0.0,1.0,0
0.0,1.0,0.0,0.8,0.1818181818181818,0.3333333333333286,0.0,0.0,0.0,0.0,0.0,1.0,0
0.06674168542135533,0.2222222222222222,0.17796892711875706,0.7,0.09090909090909091,0.8571428571428612,0.0,0.0,0.0,0.0,0.0,1.0,1
0.2725681420355089,1.0,0.21804360872174436,0.06666666666666668,0.4545454545454545,0.952380952380949,1.0,0.0,0.0,0.0,0.0,0.0,0
0.0,1.0,0.0,0.6666666666666666,0.9999999999999999,0.5238095238095184,1.0,0.0,0.0,0.0,0.0,0.0,0
0.18742185546386597,0.4444444444444444,0.2998599719943989,0.1,0.1818181818181818,0.904761904761898,0.0,0.0,0.0,0.0,0.0,1.0,1
0.0,1.0,0.0,0.5,0.1818181818181818,0.952380952380949,1.0,0.0,0.0,0.0,0.0,0.0,0
0.17501875468867215,1.0,0.14000800160032006,0.43333333333333335,0.4545454545454545,0.4761904761904816,0.0,0.0,1.0,0.0,0.0,0.0,0
0.7739434858714679,1.0,0.619123824764953,0.0,0.8181818181818182,0.952380952380949,0.0,0.0,0.0,0.0,0.0,1.0,0
0.2930232558139535,0.3555555555555555,0.5581116223244649,0.8666666666666667,0.09090909090909091,0.904761904761898,1.0,0.0,0.0,0.0,0.0,0.0,1
0.05198799699924981,0.7777777777777778,0.051985397079415886,0.7333333333333333,0.8181818181818182,0.904761904761898,0.0,0.0,0.0,0.0,0.0,1.0,1
0.3038009502375594,0.8888888888888888,0.27003178413460466,0.1,0.4545454545454545,0.952380952380949,0.0,0.0,1.0,0.0,0.0,0.0,1
0.7501625406351587,1.0,0.6001000200040009,0.7,0.36363636363636365,0.952380952380949,0.0,0.0,0.0,1.0,0.0,0.0,0
0.22380595148787197,0.4444444444444444,0.35807161432286455,0.0,0.4545454545454545,0.8095238095238102,0.0,0.0,0.0,0.0,0.0,1.0,1
0.0,1.0,0.0,0.13333333333333333,0.9999999999999999,0.8571428571428612,0.0,0.0,1.0,0.0,0.0,0.0,0
0.06624156039009751,1.0,0.05299059811962392,0.0,0.36363636363636365,0.952380952380949,0.0,0.0,0.0,0.0,0.0,1.0,0
0.0,1.0,0.0,0.26666666666666666,0.5454545454545454,0.3333333333333286,0.0,0.0,0.0,0.0,0.0,1.0,0
0.28864716179044764,0.6666666666666666,0.329865973194639,0.13333333333333333,0.1818181818181818,0.952380952380949,0.0,0.0,0.0,0.0,0.0,1.0,1
0.20477619404851213,0.6666666666666666,0.23401823221787216,0.5666666666666667,0.2727272727272727,0.8571428571428612,0.0,0.0,0.0,0.0,0.0,1.0,1
0.33005751437859465,1.0,0.2640328065613123,0.4,0.9999999999999999,0.8095238095238102,0.0,0.0,1.0,0.0,0.0,0.0,0
0.057739434858714675,0.6666666666666666,0.06598462549652788,0.5666666666666667,0.8181818181818182,0.7619047619047592,0.0,0.0,0.0,0.0,0.0,1.0,1
0.08902225556389097,0.33333333333333326,0.17803560712142427,0.7333333333333333,0.0,0.5238095238095184,0.0,0.0,0.0,0.0,0.0,1.0,1
0.0,1.0,0.0,0.0,0.8181818181818182,0.6190476190476204,0.0,0.0,1.0,0.0,0.0,0.0,0
0.0,1.0,0.0,0.4666666666666667,0.6363636363636364,0.3333333333333286,0.0,0.0,1.0,0.0,0.0,0.0,0
0.043660915228807204,1.0,0.03492698539707942,0.4666666666666667,0.9090909090909091,0.5238095238095184,0.0,0.0,1.0,0.0,0.0,0.0,0
0.0,1.0,0.0,0.0,0.09090909090909091,0.5238095238095184,0.0,0.0,1.0,0.0,0.0,0.0,0
0.0,1.0,0.0,0.9333333333333333,0.7272727272727273,0.7142857142857082,1.0,0.0,0.0,0.0,0.0,0.0,0
0.33808452113028253,0.7777777777777778,0.3380676135227045,0.9666666666666667,0.8181818181818182,0.904761904761898,0.0,0.0,0.0,0.0,0.0,1.0,1
0.15001250312578146,1.0,0.12000400080016004,0.9,0.36363636363636365,0.952380952380949,0.0,0.0,0.0,0.0,0.0,1.0,0
0.15378844711177794,1.0,0.1230246049209842,0.7,0.36363636363636365,0.5238095238095184,0.0,0.0,0.0,0.0,0.0,1.0,0
0.8751937984496124,1.0,0.700120024004801,0.6,0.1818181818181818,0.952380952380949,0.0,0.0,0.0,0.0,0.0,1.0,0
0.1875218804701175,1.0,0.15001000200040007,0.13333333333333333,0.1818181818181818,0.952380952380949,0.0,0.0,0.0,0.0,0.0,1.0,0
0.16204051012753187,0.33333333333333326,0.3240648129625925,0.3666666666666667,0.6363636363636364,0.4761904761904816,0.0,0.0,0.0,0.0,0.0,1.0,1
0.0,1.0,0.0,0.43333333333333335,0.9090909090909091,0.904761904761898,0.0,0.0,0.0,0.0,0.0,1.0,0
0.189022255563891,0.6666666666666666,0.21601463149772815,0.3,0.7272727272727273,0.8571428571428612,0.0,0.0,0.0,1.0,0.0,0.0,1
0.2580895223805951,0.6666666666666666,0.2949447032263596,0.13333333333333333,0.9999999999999999,0.8095238095238102,0.0,0.0,0.0,0.0,0.0,1.0,1
0.0,1.0,0.0,0.8666666666666667,0.36363636363636365,0.952380952380949,1.0,0.0,0.0,0.0,0.0,0.0,0
0.0,1.0,0.0,0.3,0.8181818181818182,0.047619047619051,0.0,0.0,0.0,0.0,0.0,1.0,0
0.08452113028257063,0.11111111111111105,0.3380676135227046,0.7666666666666667,0.0,0.6190476190476204,0.0,0.0,0.0,1.0,0.0,0.0,1
0.0,1.0,0.0,0.9,0.2727272727272727,0.904761904761898,0.0,0.0,0.0,0.0,0.0,1.0,0
0.5748937234308578,1.0,0.45989197839567914,0.8666666666666667,0.2727272727272727,0.952380952380949,0.0,0.0,1.0,0.0,0.0,0.0,0
0.2875718929732433,1.0,0.23004600920184037,0.4666666666666667,0.9090909090909091,0.904761904761898,1.0,0.0,0.0,0.0,0.0,0.0,0
0.6864216054013503,1.0,0.5491098219643928,0.7666666666666667,0.09090909090909091,0.7619047619047592,0.0,0.0,0.0,0.0,0.0,1.0,0
0.9999999999999999,1.0,0.7999599919983996,0.1,0.7272727272727273,0.904761904761898,0.0,0.0,1.0,0.0,0.0,0.0,0
0.7476869217304326,1.0,0.5981196239247849,0.26666666666666666,0.5454545454545454,0.952380952380949,0.0,0.0,0.0,0.0,0.0,1.0,0
0.0587396849212303,1.0,0.046989397879575914,0.9666666666666667,0.2727272727272727,0.952380952380949,0.0,0.0,0.0,0.0,0.0,1.0,0
0.3738434608652163,0.4444444444444444,0.5981196239247849,0.1,0.09090909090909091,0.904761904761898,0.0,0.0,0.0,0.0,0.0,1.0,1
0.0,1.0,0.0,0.9666666666666667,0.4545454545454545,0.8571428571428612,1.0,0.0,0.0,0.0,0.0,0.0,0
0.04188547136784196,0.16666666666666663,0.13402680536107223,0.3333333333333333,0.9999999999999999,0.5238095238095184,0.0,0.0,0.0,0.0,0.0,1.0,1
0.2654163540885221,0.5555555555555556,0.353870774154831,0.8,0.0,0.8571428571428612,1.0,0.0,0.0,0.0,0.0,0.0,1
0.5001000250062516,1.0,0.4000600120024005,0.06666666666666668,0.6363636363636364,0.8095238095238102,0.0,0.0,0.0,1.0,0.0,0.0,0
0.189022255563891,0.33333333333333326,0.3780256051210242,0.6333333333333333,0.0,0.7619047619047592,0.0,0.0,0.0,0.0,0.0,1.0,1
0.38759689922480617,1.0,0.3100620124024805,0.43333333333333335,0.2727272727272727,0.6666666666666714,0.0,0.0,1.0,0.0,0.0,0.0,0
0.13250812703175793,1.0,0.10600120024004801,0.5666666666666667,0.09090909090909091,0.3809523809523796,0.0,0.0,0.0,0.0,0.0,1.0,0
0.07499374843710928,1.0,0.05999199839967993,0.8333333333333334,0.09090909090909091,0.904761904761898,0.0,0.0,0.0,1.0,0.0,0.0,0
0.1056514128532133,0.16666666666666663,0.33806761352270454,0.2,0.36363636363636365,0.7142857142857082,0.0,0.0,0.0,1.0,0.0,0.0,1
0.0,1.0,0.0,0.3,0.6363636363636364,0.8095238095238102,0.0,1.0,0.0,0.0,0.0,0.0,0
0.1374593648412103,0.16666666666666663,0.43984796959391875,0.06666666666666668,0.7272727272727273,0.6190476190476204,0.0,0.0,0.0,0.0,0.0,1.0,1
0.10125031257814454,0.8888888888888888,0.0899957769331644,0.8,0.36363636363636365,0.952380952380949,0.0,0.0,0.0,0.0,0.0,1.0,1
0.2250312578144536,1.0,0.18001600320064012,0.43333333333333335,0.2727272727272727,0.952380952380949,0.0,0.0,0.0,0.0,0.0,1.0,0
0.020880220055013752,0.1333333333333333,0.07592427576424376,0.9666666666666667,0.2727272727272727,0.5714285714285694,0.0,0.0,0.0,1.0,0.0,0.0,1
0.0,1.0,0.0,0.26666666666666666,0.5454545454545454,0.8571428571428612,0.0,0.0,1.0,0.0,0.0,0.0,0
0.3749687421855463,1.0,0.2999599919983997,0.9666666666666667,0.9090909090909091,0.7619047619047592,0.0,0.0,1.0,0.0,0.0,0.0,0
0.1468617154288572,0.6222222222222222,0.17800529802930282,0.1,0.9999999999999999,0.904761904761898,0.0,0.0,0.0,0.0,0.0,1.0,1
0.4988747186796699,1.0,0.39907981596319264,0.23333333333333334,0.09090909090909091,0.8571428571428612,0.0,0.0,0.0,0.0,0.0,1.0,0
0.11485371342835708,0.7222222222222222,0.12250450090018004,0.9333333333333333,0.36363636363636365,0.904761904761898,0.0,0.0,0.0,0.0,0.0,1.0,1
0.0,1.0,0.0,0.6666666666666666,0.5454545454545454,0.6666666666666714,0.0,0.0,0.0,0.0,0.0,1.0,0
0.7476869217304326,1.0,0.5981196239247849,0.7666666666666667,0.7272727272727273,0.952380952380949,0.0,0.0,0.0,0.0,0.0,1.0,0
0.08387096774193548,0.1777777777777777,0.2580516103220644,0.26666666666666666,0.6363636363636364,0.5714285714285694,0.0,0.0,0.0,0.0,0.0,1.0,1
0.6855213803450863,0.5555555555555556,0.9139827965593118,0.03333333333333333,0.8181818181818182,0.904761904761898,0.0,0.0,0.0,0.0,0.0,1.0,1
0.37259314828707174,1.0,0.2980596119223845,0.8666666666666667,0.8181818181818182,0.4761904761904816,0.0,0.0,0.0,0.0,0.0,1.0,0
0.12403100775193798,0.8888888888888888,0.11024427107643753,0.1,0.4545454545454545,0.952380952380949,1.0,0.0,0.0,0.0,0.0,0.0,1
0.0,1.0,0.0,0.7333333333333333,0.36363636363636365,0.8095238095238102,1.0,0.0,0.0,0.0,0.0,0.0,0
0.7501625406351587,1.0,0.6001000200040009,0.26666666666666666,0.5454545454545454,0.952380952380949,0.0,0.0,0.0,0.0,0.0,1.0,0
0.037484371092773194,0.16666666666666663,0.11994398879775955,0.3666666666666667,0.9999999999999999,0.5238095238095184,0.0,0.0,0.0,0.0,0.0,1.0,1
0.08249562390597649,1.0,0.06599319863972795,0.3666666666666667,0.0,0.4285714285714306,0.0,0.0,0.0,0.0,0.0,1.0,0
0.0,1.0,0.0,0.5,0.9090909090909091,0.7619047619047592,0.0,1.0,0.0,0.0,0.0,0.0,0
0.08452113028257063,0.11111111111111105,0.3380676135227046,0.7666666666666667,0.0,0.6190476190476204,0.0,0.0,0.0,0.0,0.0,1.0,1
0.08499624906226556,0.4444444444444444,0.1359871974394879,0.5666666666666667,0.4545454545454545,0.6666666666666714,0.0,0.0,0.0,1.0,0.0,0.0,1
0.7476869217304326,1.0,0.5981196239247849,0.3,0.8181818181818182,0.904761904761898,1.0,0.0,0.0,0.0,0.0,0.0,0
0.4375843960990248,0.4444444444444444,0.7001000200040008,0.6,0.1818181818181818,0.904761904761898,0.0,0.0,1.0,0.0,0.0,0.0,1
0.7476869217304326,1.0,0.5981196239247849,0.4,0.6363636363636364,0.952380952380949,0.0,0.0,0.0,0.0,0.0,1.0,0
0.12500625156289072,1.0,0.1,0.9,0.2727272727272727,0.952380952380949,0.0,0.0,0.0,1.0,0.0,0.0,0
0.0,1.0,0.0,0.4666666666666667,0.9090909090909091,0.5238095238095184,0.0,0.0,0.0,0.0,0.0,1.0,0
0.15001250312578146,1.0,0.12000400080016004,0.7666666666666667,0.1818181818181818,0.904761904761898,0.0,0.0,0.0,1.0,0.0,0.0,0
0.08452113028257063,0.11111111111111105,0.3380676135227046,0.3666666666666667,0.0,0.7619047619047592,0.0,0.0,0.0,0.0,0.0,1.0,1
0.09374843710927733,0.05555555555555547,0.49996665999866635,0.3,0.09090909090909091,0.8095238095238102,0.0,0.0,0.0,0.0,0.0,1.0,1
0.0,1.0,0.0,0.5666666666666667,0.4545454545454545,0.6666666666666714,0.0,0.0,0.0,0.0,0.0,1.0,0
0.04498624656164041,1.0,0.035987197439487896,0.5,0.9090909090909091,0.5714285714285694,0.0,0.0,0.0,1.0,0.0,0.0,0
0.16689172293073268,0.7222222222222222,0.1780089351203574,0.5666666666666667,0.0,0.8571428571428612,0.0,0.0,0.0,1.0,0.0,0.0,1
0.05563890972743186,0.16666666666666663,0.17803560712142427,0.4666666666666667,0.7272727272727273,0.1428571428571388,0.0,0.0,0.0,0.0,0.0,1.0,1
0.24878719679919978,1.0,0.19901980396079214,0.23333333333333334,0.36363636363636365,0.5714285714285694,0.0,0.0,1.0,0.0,0.0,0.0,0
0.0,1.0,0.0,0.8,0.4545454545454545,0.904761904761898,1.0,0.0,0.0,0.0,0.0,0.0,0
0.6196299074768692,0.6777777777777778,0.6981396279255851,0.13333333333333333,0.09090909090909091,0.952380952380949,0.0,0.0,0.0,0.0,0.0,1.0,1
0.14801200300075018,0.7777777777777778,0.14800460092018403,0.06666666666666668,0.1818181818181818,0.952380952380949,0.0,0.0,0.0,1.0,0.0,0.0,1
0.0,1.0,0.0,0.8333333333333334,0.09090909090909091,0.8095238095238102,0.0,0.0,0.0,0.0,0.0,1.0,0
0.4725931482870718,1.0,0.37805561112222447,0.26666666666666666,0.36363636363636365,0.4761904761904816,0.0,0.0,0.0,0.0,0.0,1.0,0
0.05563890972743186,0.16666666666666663,0.17803560712142427,0.6666666666666666,0.1818181818181818,0.3333333333333286,0.0,0.0,1.0,0.0,0.0,0.0,1
0.0,1.0,0.0,0.4666666666666667,0.7272727272727273,0.904761904761898,0.0,0.0,1.0,0.0,0.0,0.0,0
0.0,1.0,0.0,0.2,0.9999999999999999,0.8095238095238102,0.0,0.0,0.0,0.0,0.0,1.0,0
0.6476619154788698,1.0,0.5181036207241448,0.5,0.2727272727272727,0.952380952380949,0.0,0.0,0.0,1.0,0.0,0.0,0
0.15001250312578146,1.0,0.12000400080016004,0.3333333333333333,0.6363636363636364,0.6666666666666714,0.0,0.0,0.0,1.0,0.0,0.0,0
0.49987496874218557,1.0,0.39987997599519903,0.26666666666666666,0.9999999999999999,0.6666666666666714,0.0,0.0,0.0,0.0,0.0,1.0,0
0.05623905976494123,0.7222222222222222,0.059985330399413214,0.03333333333333333,0.4545454545454545,0.952380952380949,0.0,0.0,0.0,0.0,0.0,1.0,1
0.059989997499374836,1.0,0.04798959791958391,0.5,0.4545454545454545,0.904761904761898,0.0,0.0,0.0,1.0,0.0,0.0,0
0.18747186796699175,0.16666666666666663,0.599879975995199,0.8,0.0,0.8571428571428612,0.0,0.0,0.0,0.0,0.0,1.0,1
0.3599649912478119,1.0,0.28795759151830363,0.3666666666666667,0.9090909090909091,0.8571428571428612,0.0,0.0,0.0,0.0,0.0,1.0,0
0.03150787696924231,0.7777777777777778,0.03150630126025205,0.8666666666666667,0.36363636363636365,0.952380952380949,1.0,0.0,0.0,0.0,0.0,0.0,1
0.1875718929732433,1.0,0.1500500100020004,0.13333333333333333,0.36363636363636365,0.952380952380949,0.0,0.0,0.0,1.0,0.0,0.0,0
0.06249062265566391,1.0,0.04998999799959992,0.8333333333333334,0.09090909090909091,0.4761904761904816,0.0,0.0,0.0,1.0,0.0,0.0,0
0.4725931482870718,1.0,0.37805561112222447,0.0,0.7272727272727273,0.6666666666666714,0.0,0.0,0.0,0.0,0.0,1.0,0
0.10810202550637658,0.38888888888888884,0.1921717676868707,0.9,0.36363636363636365,0.952380952380949,0.0,0.0,0.0,0.0,0.0,1.0,1
0.25503875968992246,1.0,0.20402080416083215,0.5333333333333333,0.8181818181818182,0.5714285714285694,0.0,0.0,0.0,1.0,0.0,0.0,0
0.4725931482870718,1.0,0.37805561112222447,0.16666666666666669,0.4545454545454545,0.4761904761904816,0.0,0.0,0.0,0.0,0.0,1.0,0
0.6476619154788698,1.0,0.5181036207241448,0.3666666666666667,0.09090909090909091,1.0,0.0,0.0,0.0,0.0,0.0,1.0,0
0.0,1.0,0.0,0.26666666666666666,0.6363636363636364,0.2857142857142918,1.0,0.0,0.0,0.0,0.0,0.0,0
0.15001250312578146,1.0,0.12000400080016004,0.5666666666666667,0.7272727272727273,0.6666666666666714,0.0,0.0,0.0,0.0,0.0,1.0,0
0.0,1.0,0.0,0.1,0.9999999999999999,0.8571428571428612,1.0,0.0,0.0,0.0,0.0,0.0,0
0.0,1.0,0.0,0.8,0.1818181818181818,0.8571428571428612,0.0,0.0,0.0,0.0,0.0,1.0,0
0.15621405351337833,0.16666666666666663,0.49985997199439886,0.6333333333333333,0.09090909090909091,0.904761904761898,0.0,0.0,0.0,0.0,0.0,1.0,1
0.1818954738684671,0.6111111111111112,0.22386015664671394,0.5333333333333333,0.36363636363636365,0.5714285714285694,0.0,0.0,0.0,0.0,0.0,1.0,1
0.18502125531382843,1.0,0.14800960192038407,0.6333333333333333,0.36363636363636365,0.952380952380949,1.0,0.0,0.0,0.0,0.0,0.0,0
0.20002500625156286,1.0,0.16001200240048008,0.9666666666666667,0.2727272727272727,0.952380952380949,0.0,0.0,0.0,0.0,0.0,1.0,0
0.0479869967491873,0.7777777777777778,0.04798459691938388,0.6333333333333333,0.2727272727272727,0.952380952380949,0.0,0.0,0.0,0.0,0.0,1.0,1
0.15001250312578146,1.0,0.12000400080016004,0.9333333333333333,0.36363636363636365,0.4285714285714306,0.0,0.0,0.0,1.0,0.0,0.0,0
0.1550137534383596,1.0,0.12400480096019205,0.3666666666666667,0.8181818181818182,0.2857142857142918,0.0,0.0,0.0,1.0,0.0,0.0,0
0.49987496874218557,1.0,0.39987997599519903,0.26666666666666666,0.7272727272727273,0.8571428571428612,0.0,0.0,0.0,0.0,0.0,1.0,0
0.7501625406351587,1.0,0.6001000200040009,0.6,0.9090909090909091,0.8571428571428612,1.0,0.0,0.0,0.0,0.0,0.0,0
0.07501875468867217,1.0,0.060012002400480095,0.9999999999999999,0.6363636363636364,0.6666666666666714,0.0,0.0,0.0,0.0,0.0,1.0,0
0.35321330332583145,0.4444444444444444,0.5651130226045209,0.3,0.8181818181818182,0.8571428571428612,0.0,0.0,0.0,0.0,0.0,1.0,1
0.5501375343835959,1.0,0.44008801760352073,0.8,0.8181818181818182,0.8095238095238102,1.0,0.0,0.0,0.0,0.0,0.0,0
0.4725931482870718,1.0,0.37805561112222447,0.7666666666666667,0.8181818181818182,0.8095238095238102,1.0,0.0,0.0,0.0,0.0,0.0,0
0.5751187796949238,1.0,0.4600720144028806,0.7666666666666667,0.7272727272727273,0.952380952380949,0.0,0.0,0.0,0.0,0.0,1.0,0
0.06974243560890223,1.0,0.05579115823164633,0.5333333333333333,0.9999999999999999,0.5714285714285694,0.0,0.0,0.0,1.0,0.0,0.0,0
0.25503875968992246,1.0,0.20402080416083215,0.43333333333333335,0.6363636363636364,0.6666666666666714,0.0,0.0,0.0,1.0,0.0,0.0,0
0.09374843710927733,0.16666666666666663,0.29997999599919983,0.3666666666666667,0.0,0.8095238095238102,0.0,0.0,1.0,0.0,0.0,0.0,1
0.06249062265566391,1.0,0.04998999799959992,0.5666666666666667,0.36363636363636365,0.952380952380949,0.0,0.0,0.0,0.0,0.0,1.0,0
0.170017504376094,1.0,0.13600720144028805,0.6333333333333333,0.4545454545454545,0.7619047619047592,0.0,0.0,0.0,0.0,0.0,1.0,0
0.2550137534383596,0.6777777777777778,0.2873250706479324,0.43333333333333335,0.9999999999999999,0.8095238095238102,0.0,0.0,0.0,0.0,0.0,1.0,1
0.4948737184296074,1.0,0.395879175835167,0.9333333333333333,0.36363636363636365,0.904761904761898,0.0,0.0,0.0,0.0,0.0,1.0,0
0.6249062265566392,1.0,0.4998999799959992,0.6,0.7272727272727273,0.8571428571428612,0.0,0.0,0.0,0.0,0.0,1.0,0
0.15001250312578146,1.0,0.12000400080016004,0.23333333333333334,0.9090909090909091,0.3333333333333286,0.0,0.0,0.0,0.0,0.0,1.0,0
0.3125531382845711,1.0,0.25003000600120023,0.1,0.4545454545454545,0.952380952380949,0.0,0.0,0.0,0.0,0.0,1.0,0
0.3735933983495874,0.5555555555555556,0.4980996199239849,0.13333333333333333,0.7272727272727273,0.904761904761898,0.0,0.0,0.0,0.0,0.0,1.0,1
0.12813203300825207,0.16666666666666663,0.41000200040008006,0.8666666666666667,0.5454545454545454,0.7142857142857082,0.0,0.0,0.0,0.0,0.0,1.0,1
0.1550137534383596,1.0,0.12400480096019205,0.03333333333333333,0.09090909090909091,0.4761904761904816,0.0,0.0,0.0,1.0,0.0,0.0,0
0.0,1.0,0.0,0.3333333333333333,0.09090909090909091,0.7619047619047592,1.0,0.0,0.0,0.0,0.0,0.0,0
0.24746186546636656,0.25555555555555554,0.5998775512678293,0.6,0.0,0.8095238095238102,0.0,0.0,1.0,0.0,0.0,0.0,1
0.15001250312578146,1.0,0.12000400080016004,0.0,0.9999999999999999,0.4285714285714306,0.0,0.0,1.0,0.0,0.0,0.0,0
0.0,1.0,0.0,0.5,0.0,0.952380952380949,1.0,0.0,0.0,0.0,0.0,0.0,0
0.0,1.0,0.0,0.7666666666666667,0.4545454545454545,0.904761904761898,0.0,0.0,0.0,0.0,0.0,1.0,0
0.7500375093773443,0.5555555555555556,1.0,0.3333333333333333,0.7272727272727273,0.904761904761898,1.0,0.0,0.0,0.0,0.0,0.0,1
0.041235308827206794,1.0,0.03298659731946389,0.4666666666666667,0.2727272727272727,0.952380952380949,0.0,1.0,0.0,0.0,0.0,0.0,0
0.2250312578144536,0.8888888888888888,0.20001778133404458,0.8666666666666667,0.36363636363636365,0.952380952380949,0.0,0.0,1.0,0.0,0.0,0.0,1
0.03310827706926732,0.4444444444444444,0.052970594118823766,0.06666666666666668,0.9999999999999999,0.904761904761898,1.0,0.0,0.0,0.0,0.0,0.0,1
0.09992498124531132,0.33333333333333326,0.19983996799359874,0.5333333333333333,0.36363636363636365,0.7142857142857082,0.0,0.0,0.0,0.0,0.0,1.0,1
0.8749687421855463,1.0,0.6999399879975995,0.4,0.9090909090909091,0.904761904761898,0.0,1.0,0.0,0.0,0.0,0.0,0
0.24756189047261815,1.0,0.19803960792158432,0.5666666666666667,0.36363636363636365,0.952380952380949,0.0,0.0,0.0,0.0,0.0,1.0,0
0.47129282320580146,1.0,0.3770154030806161,0.5,0.09090909090909091,0.7619047619047592,0.0,0.0,1.0,0.0,0.0,0.0,0
0.2250312578144536,1.0,0.18001600320064012,0.43333333333333335,0.9090909090909091,0.6190476190476204,0.0,0.0,0.0,1.0,0.0,0.0,0
0.6706676669167292,0.8888888888888888,0.596119223844769,0.5333333333333333,0.7272727272727273,0.952380952380949,0.0,0.0,0.0,0.0,0.0,1.0,1
0.027731932983245812,0.05555555555555547,0.14789624591584982,0.3333333333333333,0.6363636363636364,0.7142857142857082,0.0,0.0,0.0,1.0,0.0,0.0,1
0.4000750187546887,1.0,0.32004400880176037,0.1,0.4545454545454545,0.952380952380949,0.0,0.0,0.0,0.0,0.0,1.0,0
0.06999249812453112,1.0,0.055991198239647925,0.1,0.9090909090909091,0.3809523809523796,0.0,0.0,0.0,1.0,0.0,0.0,0
0.37506876719179794,1.0,0.30004000800160036,0.5,0.9090909090909091,0.8095238095238102,0.0,0.0,1.0,0.0,0.0,0.0,0
0.5074518629657414,0.6666666666666666,0.5799159831966394,0.2,0.6363636363636364,0.904761904761898,0.0,0.0,1.0,0.0,0.0,0.0,1
0.12038009502375593,0.8888888888888888,0.10699917761330044,0.8,0.36363636363636365,0.952380952380949,0.0,0.0,0.0,0.0,0.0,1.0,1
0.14378594648662166,0.11111111111111105,0.575115023004601,0.9999999999999999,0.0,0.6190476190476204,0.0,0.0,0.0,0.0,0.0,1.0,1
0.0,1.0,0.0,0.0,0.8181818181818182,0.8571428571428612,1.0,0.0,0.0,0.0,0.0,0.0,0
0.24753688422105524,0.8888888888888888,0.2200217821342046,0.4,0.6363636363636364,0.952380952380949,0.0,0.0,0.0,0.0,0.0,1.0,1
0.6109027256814203,0.6666666666666666,0.6981396279255853,0.5,0.0,0.904761904761898,0.0,0.0,0.0,0.0,0.0,1.0,1
0.0371842960740185,0.5777777777777777,0.04797733740296446,0.9,0.36363636363636365,0.952380952380949,0.0,0.0,0.0,0.0,0.0,1.0,1
0.8249562390597649,1.0,0.6599319863972795,0.13333333333333333,0.9090909090909091,0.4285714285714306,0.0,0.0,0.0,0.0,0.0,1.0,0
0.2999249812453113,0.5555555555555556,0.39987997599519903,0.23333333333333334,0.9999999999999999,0.904761904761898,0.0,0.0,1.0,0.0,0.0,0.0,1
0.16991747936984247,0.8333333333333333,0.15991433580833816,0.06666666666666668,0.4545454545454545,0.952380952380949,0.0,0.0,1.0,0.0,0.0,0.0,1
0.25006251562890724,1.0,0.20004000800160032,0.13333333333333333,0.9090909090909091,0.6190476190476204,0.0,0.0,0.0,0.0,0.0,1.0,0
0.05563890972743186,0.16666666666666663,0.17803560712142427,0.6,0.0,0.4761904761904816,0.0,0.0,1.0,0.0,0.0,0.0,1
0.1995248812203051,0.33333333333333326,0.39902980596119225,0.7333333333333333,0.36363636363636365,0.8571428571428612,0.0,0.0,0.0,0.0,0.0,1.0,1
0.14538634658664665,0.4444444444444444,0.23260652130426085,0.6333333333333333,0.36363636363636365,0.8571428571428612,0.0,0.0,0.0,0.0,0.0,1.0,1
0.06624156039009751,1.0,0.05299059811962392,0.6666666666666666,0.8181818181818182,0.904761904761898,0.0,0.0,0.0,0.0,0.0,1.0,0
0.49987496874218557,1.0,0.39987997599519903,0.43333333333333335,0.0,0.7619047619047592,0.0,0.0,0.0,1.0,0.0,0.0,0
0.08249562390597649,1.0,0.06599319863972795,0.7333333333333333,0.8181818181818182,0.904761904761898,0.0,0.0,0.0,0.0,0.0,1.0,0
0.12495623905976494,0.16666666666666663,0.3998399679935987,0.6333333333333333,0.09090909090909091,0.8095238095238102,0.0,0.0,1.0,0.0,0.0,0.0,1
0.14431107776944235,0.2777777777777778,0.3298373960506387,0.43333333333333335,0.7272727272727273,0.7619047619047592,0.0,0.0,0.0,1.0,0.0,0.0,1
0.4573643410852713,1.0,0.365873174634927,0.6333333333333333,0.4545454545454545,0.8571428571428612,0.0,0.0,0.0,0.0,0.0,1.0,0
0.37484371092773194,1.0,0.2998599719943989,0.8666666666666667,0.1818181818181818,0.904761904761898,0.0,0.0,1.0,0.0,0.0,0.0,0
0.08249562390597649,1.0,0.06599319863972795,0.5,0.36363636363636365,0.2380952380952408,0.0,0.0,0.0,1.0,0.0,0.0,0
0.059989997499374836,0.7777777777777778,0.0599869973994799,0.1,0.4545454545454545,0.952380952380949,0.0,0.0,0.0,0.0,0.0,1.0,1
0.06339084771192799,0.05555555555555547,0.3380676135227045,0.26666666666666666,0.0,0.6666666666666714,0.0,0.0,1.0,0.0,0.0,0.0,1
0.0,1.0,0.0,0.13333333333333333,0.1818181818181818,0.904761904761898,1.0,0.0,0.0,0.0,0.0,0.0,0
0.0,1.0,0.0,0.0,0.6363636363636364,0.8571428571428612,0.0,0.0,0.0,0.0,0.0,1.0,0
0.0,1.0,0.0,0.3,0.09090909090909091,0.904761904761898,1.0,0.0,0.0,0.0,0.0,0.0,0
0.02348087021755439,0.11111111111111105,0.09391878375675138,0.5666666666666667,0.09090909090909091,0.4761904761904816,0.0,0.0,0.0,0.0,0.0,1.0,1
0.5001000250062516,1.0,0.4000600120024005,0.8,0.8181818181818182,0.7619047619047592,0.0,0.0,0.0,0.0,0.0,1.0,0
0.041610402600650166,0.38888888888888884,0.07397034962548066,0.13333333333333333,0.7272727272727273,0.8571428571428612,0.0,0.0,0.0,0.0,0.0,1.0,1
0.15301325331332832,0.8888888888888888,0.13600497877353246,0.1,0.4545454545454545,0.952380952380949,0.0,0.0,0.0,0.0,0.0,1.0,1
0.38757189297324335,1.0,0.31004200840168034,0.4,0.8181818181818182,0.952380952380949,0.0,0.0,0.0,0.0,0.0,1.0,0
0.03898474618654663,0.7777777777777778,0.03898279655931186,0.8666666666666667,0.36363636363636365,0.952380952380949,0.0,0.0,1.0,0.0,0.0,0.0,1
0.09749937484371093,1.0,0.07799559911982397,0.6666666666666666,0.36363636363636365,0.952380952380949,0.0,0.0,0.0,0.0,0.0,1.0,0
0.07499374843710928,0.4444444444444444,0.11998399679935987,0.13333333333333333,0.9999999999999999,0.8095238095238102,0.0,0.0,0.0,0.0,0.0,1.0,1
0.07966991747936984,0.8333333333333333,0.07497970182271749,0.9,0.36363636363636365,0.952380952380949,0.0,0.0,0.0,0.0,0.0,1.0,1
0.048737184296074015,0.05555555555555547,0.25991865039674594,0.4,0.09090909090909091,0.5238095238095184,1.0,0.0,0.0,0.0,0.0,0.0,1
0.16129032258064516,0.4444444444444444,0.2580516103220644,0.7,0.1818181818181818,0.904761904761898,0.0,0.0,0.0,0.0,0.0,1.0,1
0.05563890972743186,0.16666666666666663,0.17803560712142427,0.8666666666666667,0.09090909090909091,0.3809523809523796,0.0,0.0,0.0,0.0,0.0,1.0,1
0.05588897224306077,0.05555555555555547,0.2980596119223845,0.43333333333333335,0.09090909090909091,0.6666666666666714,0.0,0.0,0.0,0.0,0.0,1.0,1
0.02498124531132783,0.0,0.19983996799359877,0.8666666666666667,0.6363636363636364,0.6666666666666714,0.0,0.0,0.0,0.0,0.0,1.0,1
0.0,1.0,0.0,0.1,0.4545454545454545,0.952380952380949,1.0,0.0,0.0,0.0,0.0,0.0,0
0.0,1.0,0.0,0.7333333333333333,0.6363636363636364,0.7619047619047592,0.0,0.0,0.0,0.0,0.0,1.0,0
0.09449862465616404,0.5888888888888888,0.1199922524187377,0.4666666666666667,0.5454545454545454,0.904761904761898,0.0,0.0,0.0,0.0,0.0,1.0,1
0.16001500375093775,0.33333333333333326,0.3200140028005601,0.5333333333333333,0.4545454545454545,0.904761904761898,0.0,0.0,1.0,0.0,0.0,0.0,1
0.13000750187546886,0.6111111111111112,0.16000123101543384,0.8333333333333334,0.2727272727272727,0.8571428571428612,0.0,0.0,0.0,0.0,0.0,1.0,1
0.37259314828707174,1.0,0.2980596119223845,0.9333333333333333,0.5454545454545454,0.904761904761898,0.0,0.0,0.0,0.0,0.0,1.0,0
0.05926481620405101,0.2222222222222222,0.15803160632126423,0.7666666666666667,0.1818181818181818,0.6666666666666714,0.0,0.0,0.0,0.0,0.0,1.0,1
0.2250312578144536,1.0,0.18001600320064012,0.7666666666666667,0.0,0.8571428571428612,0.0,0.0,0.0,0.0,0.0,1.0,0
0.16001500375093775,0.7777777777777778,0.16000700140028004,0.8666666666666667,0.8181818181818182,0.904761904761898,0.0,0.0,0.0,0.0,0.0,1.0,1
0.7499374843710926,1.0,0.5999199839967994,0.13333333333333333,0.9999999999999999,0.6190476190476204,0.0,0.0,0.0,0.0,0.0,1.0,0
0.48192048012002997,0.6111111111111112,0.5931032360318218,0.3333333333333333,0.09090909090909091,0.952380952380949,1.0,0.0,0.0,0.0,0.0,0.0,1
0.5751187796949238,1.0,0.4600720144028806,0.6,0.6363636363636364,0.8571428571428612,0.0,0.0,0.0,0.0,0.0,1.0,0
0.31132783195798946,1.0,0.24904980996199239,0.7333333333333333,0.0,0.5714285714285694,0.0,0.0,0.0,1.0,0.0,0.0,0
0.22003000750187546,1.0,0.1760152030406081,0.8666666666666667,0.6363636363636364,0.6190476190476204,0.0,0.0,1.0,0.0,0.0,0.0,0
0.49762440610152536,1.0,0.39807961592318464,0.16666666666666669,0.1818181818181818,0.904761904761898,0.0,0.0,0.0,1.0,0.0,0.0,0
0.03398349587396849,0.7777777777777778,0.03398179635927185,0.6,0.4545454545454545,0.8571428571428612,0.0,0.0,0.0,0.0,0.0,1.0,1
0.05811452863215803,0.23333333333333328,0.14996547696636098,0.26666666666666666,0.9999999999999999,0.7142857142857082,0.0,0.0,0.0,0.0,0.0,1.0,1
0.07499374843710928,0.33333333333333326,0.14997999599919984,0.8333333333333334,0.7272727272727273,0.8571428571428612,0.0,0.0,0.0,0.0,0.0,1.0,1
0.08999749937484372,0.5555555555555556,0.11999066479962661,0.8666666666666667,0.6363636363636364,0.8571428571428612,0.0,0.0,0.0,0.0,0.0,1.0,1
0.12453113278319579,0.11111111111111105,0.4980996199239849,0.7,0.2727272727272727,0.8571428571428612,0.0,0.0,1.0,0.0,0.0,0.0,1
0.05563890972743186,0.16666666666666663,0.17803560712142427,0.6,0.0,0.4285714285714306,0.0,0.0,0.0,0.0,0.0,1.0,1
0.49762440610152536,1.0,0.39807961592318464,0.7666666666666667,0.2727272727272727,0.904761904761898,0.0,0.0,0.0,1.0,0.0,0.0,0
0.7589397349337335,1.0,0.6071214242848569,0.26666666666666666,0.5454545454545454,0.952380952380949,0.0,0.0,0.0,0.0,0.0,1.0,0
0.041235308827206794,0.2222222222222222,0.10995532439821296,0.8666666666666667,0.7272727272727273,0.7619047619047592,0.0,0.0,0.0,0.0,0.0,1.0,1
0.15301325331332832,0.8888888888888888,0.13600497877353246,0.8333333333333334,0.36363636363636365,0.952380952380949,0.0,0.0,1.0,0.0,0.0,0.0,1
0.0,1.0,0.0,0.3,0.9090909090909091,0.7142857142857082,0.0,0.0,1.0,0.0,0.0,0.0,0
0.44761190297574394,1.0,0.35807161432286455,0.06666666666666668,0.4545454545454545,0.6666666666666714,0.0,0.0,0.0,0.0,0.0,1.0,0
0.15001250312578146,0.7777777777777778,0.15000500100020003,0.06666666666666668,0.1818181818181818,0.952380952380949,0.0,0.0,0.0,0.0,0.0,1.0,1
0.6249062265566392,1.0,0.4998999799959992,0.9666666666666667,0.0,0.904761904761898,0.0,0.0,0.0,0.0,0.0,1.0,0
0.09299824956239058,1.0,0.07439487897579515,0.1,0.4545454545454545,0.952380952380949,0.0,0.0,0.0,0.0,1.0,0.0,0
0.02248062015503876,0.5555555555555556,0.02997266119890645,0.5,0.9090909090909091,0.5714285714285694,0.0,0.0,0.0,0.0,0.0,1.0,1
0.0,1.0,0.0,0.5,0.7272727272727273,0.904761904761898,1.0,0.0,0.0,0.0,0.0,0.0,0
0.24881220305076268,0.4444444444444444,0.39807961592318464,0.8333333333333334,0.6363636363636364,0.904761904761898,1.0,0.0,0.0,0.0,0.0,0.0,1
0.39984996249062266,1.0,0.3198639727945589,0.9666666666666667,0.2727272727272727,0.8571428571428612,0.0,0.0,1.0,0.0,0.0,0.0,0
0.08249562390597649,1.0,0.06599319863972795,0.5,0.9090909090909091,0.1428571428571388,0.0,0.0,0.0,1.0,0.0,0.0,0
0.0,1.0,0.0,0.26666666666666666,0.9999999999999999,0.7619047619047592,1.0,0.0,0.0,0.0,0.0,0.0,0
0.15001250312578146,1.0,0.12000400080016004,0.5,0.09090909090909091,0.5238095238095184,0.0,0.0,0.0,0.0,0.0,1.0,0
0.0,1.0,0.0,0.3333333333333333,0.6363636363636364,0.7142857142857082,0.0,0.0,0.0,0.0,0.0,1.0,0
0.22253063265816453,1.0,0.17801560312062412,0.5,0.2727272727272727,0.952380952380949,0.0,0.0,0.0,0.0,0.0,1.0,0
0.7126531632908227,0.7222222222222222,0.7601253584050144,0.3666666666666667,0.1818181818181818,0.952380952380949,1.0,0.0,0.0,0.0,0.0,0.0,1
0.055488872218054514,0.2222222222222222,0.147962925918517,0.6333333333333333,0.7272727272727273,0.7619047619047592,0.0,0.0,0.0,0.0,0.0,1.0,1
0.4000750187546887,1.0,0.32004400880176037,0.03333333333333333,0.9999999999999999,0.904761904761898,1.0,0.0,0.0,0.0,0.0,0.0,0
0.170017504376094,1.0,0.13600720144028805,0.7666666666666667,0.8181818181818182,0.904761904761898,0.0,0.0,0.0,0.0,0.0,1.0,0
0.5651412853213303,1.0,0.4520904180836167,0.6666666666666666,0.8181818181818182,0.904761904761898,0.0,0.0,0.0,0.0,0.0,1.0,0
0.2500375093773443,1.0,0.20002000400080014,0.8,0.7272727272727273,0.8095238095238102,0.0,0.0,0.0,0.0,0.0,1.0,0
0.13350837709427357,0.5555555555555556,0.17800226712009068,0.3,0.2727272727272727,0.904761904761898,0.0,0.0,0.0,0.0,0.0,1.0,1
0.15001250312578146,0.11111111111111105,0.6000200040008004,0.5666666666666667,0.2727272727272727,0.8571428571428612,0.0,0.0,1.0,0.0,0.0,0.0,1
0.22253063265816453,1.0,0.17801560312062412,0.3,0.09090909090909091,0.952380952380949,0.0,0.0,0.0,0.0,0.0,1.0,0
0.1450112528132033,1.0,0.11600320064012803,0.8333333333333334,0.36363636363636365,0.7142857142857082,0.0,0.0,0.0,0.0,0.0,1.0,0
0.08249562390597649,1.0,0.06599319863972795,0.23333333333333334,0.36363636363636365,0.952380952380949,0.0,0.0,0.0,0.0,0.0,1.0,0
0.0,1.0,0.0,0.9,0.2727272727272727,0.7142857142857082,0.0,0.0,1.0,0.0,0.0,0.0,0
0.0,1.0,0.0,0.9,0.8181818181818182,0.904761904761898,1.0,0.0,0.0,0.0,0.0,0.0,0
0.0371842960740185,0.5777777777777777,0.04797733740296446,0.0,0.2727272727272727,0.8571428571428612,0.0,0.0,0.0,0.0,0.0,1.0,1
0.12500625156289072,1.0,0.1,0.5333333333333333,0.1818181818181818,0.952380952380949,0.0,0.0,0.0,1.0,0.0,0.0,0
0.22253063265816453,1.0,0.17801560312062412,0.7333333333333333,0.5454545454545454,0.952380952380949,0.0,0.0,0.0,0.0,0.0,1.0,0
0.2700425106276569,1.0,0.21602320464092817,0.13333333333333333,0.1818181818181818,0.8571428571428612,0.0,0.0,0.0,0.0,0.0,1.0,0
0.05563890972743186,0.16666666666666663,0.17803560712142427,0.7666666666666667,0.09090909090909091,0.4285714285714306,0.0,0.0,1.0,0.0,0.0,0.0,1
0.0,1.0,0.0,0.9,0.6363636363636364,0.5238095238095184,0.0,0.0,0.0,0.0,0.0,1.0,0
0.15001250312578146,1.0,0.12000400080016004,0.6,0.9999999999999999,0.3809523809523796,0.0,0.0,0.0,0.0,0.0,1.0,0
0.4944236059014753,1.0,0.39551910382076416,0.8666666666666667,0.7272727272727273,0.7619047619047592,0.0,0.0,0.0,0.0,0.0,1.0,0
0.5001000250062516,1.0,0.4000600120024005,0.0,0.8181818181818182,0.952380952380949,0.0,0.0,0.0,0.0,0.0,1.0,0
0.15918979744936232,0.8333333333333333,0.1498181989339044,0.7333333333333333,0.8181818181818182,0.904761904761898,0.0,0.0,0.0,0.0,0.0,1.0,1
0.33755938984746187,1.0,0.2700340068013603,0.16666666666666669,0.9090909090909091,0.8571428571428612,0.0,0.0,1.0,0.0,0.0,0.0,0
0.3125531382845711,1.0,0.25003000600120023,0.6666666666666666,0.36363636363636365,0.952380952380949,0.0,0.0,0.0,0.0,0.0,1.0,0
0.4226056514128532,1.0,0.33806761352270454,0.4,0.9999999999999999,0.5714285714285694,0.0,0.0,1.0,0.0,0.0,0.0,0
0.49762440610152536,1.0,0.39807961592318464,0.9666666666666667,0.7272727272727273,0.952380952380949,0.0,0.0,0.0,0.0,0.0,1.0,0
0.06499124781195298,1.0,0.05199039807961592,0.9333333333333333,0.9090909090909091,0.0,0.0,0.0,0.0,1.0,0.0,0.0,0
0.135008752188047,0.5555555555555556,0.1800026672001067,0.7333333333333333,0.7272727272727273,0.904761904761898,0.0,0.0,0.0,0.0,0.0,1.0,1
0.15001250312578146,1.0,0.12000400080016004,0.8,0.36363636363636365,0.952380952380949,1.0,0.0,0.0,0.0,0.0,0.0,0
0.14126031507876968,1.0,0.11300260052010402,0.16666666666666669,0.36363636363636365,0.952380952380949,0.0,0.0,1.0,0.0,0.0,0.0,0
0.2500375093773443,1.0,0.20002000400080014,0.9,0.8181818181818182,0.7142857142857082,0.0,0.0,0.0,0.0,0.0,1.0,0
0.1175043760940235,1.0,0.093998799759952,0.8666666666666667,0.6363636363636364,0.5238095238095184,0.0,0.0,0.0,0.0,0.0,1.0,0
0.16651662915728932,0.8888888888888888,0.1480073792536285,0.8333333333333334,0.36363636363636365,0.952380952380949,0.0,0.0,0.0,0.0,0.0,1.0,1
0.2875468867216804,1.0,0.2300260052010402,0.4666666666666667,0.2727272727272727,0.904761904761898,0.0,0.0,0.0,0.0,0.0,1.0,0
0.18629657414353587,0.4444444444444444,0.2980596119223845,0.26666666666666666,0.7272727272727273,0.6190476190476204,0.0,0.0,1.0,0.0,0.0,0.0,1
0.15001250312578146,1.0,0.12000400080016004,0.13333333333333333,0.4545454545454545,0.4285714285714306,0.0,0.0,0.0,1.0,0.0,0.0,0
0.05563890972743186,0.16666666666666663,0.17803560712142427,0.6333333333333333,0.36363636363636365,0.3333333333333286,0.0,0.0,1.0,0.0,0.0,0.0,1
0.10360090022505626,0.5111111111111111,0.14799388449118392,0.9,0.8181818181818182,0.8571428571428612,0.0,0.0,0.0,0.0,0.0,1.0,1
0.04248562140535133,1.0,0.03398679735947189,0.7,0.9999999999999999,0.3809523809523796,0.0,0.0,0.0,0.0,0.0,1.0,0
0.22123030757689421,0.5555555555555556,0.2949589917983597,0.9666666666666667,0.0,0.904761904761898,0.0,0.0,0.0,0.0,0.0,1.0,1
0.4669917479369842,0.7222222222222222,0.49809961992398477,0.3333333333333333,0.1818181818181818,0.952380952380949,0.0,0.0,0.0,0.0,0.0,1.0,1
0.07126781695423856,0.4444444444444444,0.11402280456091218,0.0,0.2727272727272727,0.952380952380949,0.0,0.0,0.0,0.0,0.0,1.0,1
0.0,1.0,0.0,0.8333333333333334,0.5454545454545454,0.5238095238095184,1.0,0.0,0.0,0.0,0.0,0.0,0
0.09302325581395349,0.06666666666666665,0.46509301860372076,0.8333333333333334,0.0,0.5714285714285694,0.0,0.0,0.0,0.0,0.0,1.0,1
0.08249562390597649,1.0,0.06599319863972795,0.7333333333333333,0.8181818181818182,0.8095238095238102,0.0,0.0,0.0,1.0,0.0,0.0,0
0.1247811952988247,1.0,0.09981996399279856,0.03333333333333333,0.4545454545454545,0.952380952380949,0.0,0.0,0.0,0.0,1.0,0.0,0
0.3050512628157039,1.0,0.2440288057611522,0.8,0.5454545454545454,0.8571428571428612,0.0,0.0,0.0,0.0,0.0,1.0,0
0.011852963240810203,0.0,0.09481896379275857,0.13333333333333333,0.7272727272727273,0.6190476190476204,0.0,0.0,0.0,0.0,0.0,1.0,1
0.0,1.0,0.0,0.5333333333333333,0.8181818181818182,0.5238095238095184,0.0,0.0,1.0,0.0,0.0,0.0,0
0.22253063265816453,1.0,0.17801560312062412,0.7,0.8181818181818182,0.904761904761898,0.0,0.0,0.0,1.0,0.0,0.0,0
0.07451862965741435,0.11111111111111105,0.29805961192238456,0.4,0.09090909090909091,0.5714285714285694,0.0,0.0,0.0,0.0,0.0,1.0,1
0.048737184296074015,1.0,0.0389877975595119,0.5666666666666667,0.1818181818181818,0.952380952380949,0.0,0.0,0.0,1.0,0.0,0.0,0
0.1342835708927232,0.2222222222222222,0.3580716143228645,0.16666666666666669,0.8181818181818182,0.3809523809523796,0.0,0.0,0.0,0.0,0.0,1.0,1
0.06244061015253813,0.05555555555555547,0.3329999333199973,0.43333333333333335,0.7272727272727273,0.5714285714285694,0.0,0.0,0.0,0.0,0.0,1.0,1
0.043735933983495866,0.6666666666666666,0.04998142485639985,0.06666666666666668,0.4545454545454545,0.952380952380949,0.0,0.0,0.0,0.0,0.0,1.0,1
0.07499374843710928,1.0,0.05999199839967993,0.4,0.6363636363636364,0.3333333333333286,0.0,0.0,0.0,0.0,0.0,1.0,0
0.8749687421855463,1.0,0.6999399879975995,0.3,0.09090909090909091,0.904761904761898,1.0,0.0,0.0,0.0,0.0,0.0,0
0.048737184296074015,0.8111111111111111,0.04697325007170108,0.03333333333333333,0.4545454545454545,0.952380952380949,0.0,0.0,0.0,0.0,0.0,1.0,1
0.0,1.0,0.0,0.26666666666666666,0.9090909090909091,0.4761904761904816,0.0,0.0,1.0,0.0,0.0,0.0,0
0.05623905976494123,0.16666666666666663,0.17995599119823963,0.5666666666666667,0.9090909090909091,0.4285714285714306,0.0,0.0,1.0,0.0,0.0,0.0,1
0.04998749687421855,1.0,0.0399879975995199,0.6,0.09090909090909091,0.952380952380949,0.0,0.0,0.0,0.0,0.0,1.0,0
0.3125531382845711,1.0,0.25003000600120023,0.2,0.9999999999999999,0.8095238095238102,0.0,0.0,0.0,0.0,0.0,1.0,0
0.5993998499624906,0.5555555555555556,0.7991598319663933,0.9,0.6363636363636364,0.904761904761898,0.0,0.0,0.0,0.0,0.0,1.0,1
0.9999999999999999,1.0,0.7999599919983996,0.6,0.1818181818181818,0.952380952380949,0.0,0.0,0.0,1.0,0.0,0.0,0
0.15001250312578146,1.0,0.12000400080016004,0.6,0.4545454545454545,0.904761904761898,0.0,0.0,0.0,0.0,0.0,1.0,0
0.5001250312578145,1.0,0.40008001600320064,0.7,0.5454545454545454,0.904761904761898,0.0,0.0,1.0,0.0,0.0,0.0,0
0.0,1.0,0.0,0.5,0.4545454545454545,0.8095238095238102,0.0,0.0,0.0,0.0,0.0,1.0,0
0.07126781695423856,0.4444444444444444,0.11402280456091218,0.0,0.2727272727272727,0.952380952380949,0.0,0.0,0.0,0.0,0.0,1.0,1
0.3250562640660165,1.0,0.26003200640128027,0.5666666666666667,0.36363636363636365,0.4285714285714306,0.0,0.0,0.0,1.0,0.0,0.0,0
0.0,1.0,0.0,0.06666666666666668,0.5454545454545454,0.904761904761898,0.0,0.0,0.0,0.0,0.0,1.0,0
0.14801200300075018,0.7777777777777778,0.14800460092018403,0.26666666666666666,0.2727272727272727,0.904761904761898,0.0,0.0,0.0,0.0,0.0,1.0,1
0.03620905226306577,0.6666666666666666,0.04137970451233104,0.6333333333333333,0.5454545454545454,0.7142857142857082,0.0,0.0,0.0,1.0,0.0,0.0,1
0.25503875968992246,1.0,0.20402080416083215,0.7,0.5454545454545454,0.904761904761898,0.0,0.0,0.0,1.0,0.0,0.0,0
0.057489372343085765,0.0,0.4598919783956792,0.26666666666666666,0.8181818181818182,0.5238095238095184,0.0,0.0,0.0,0.0,0.0,1.0,1
0.25503875968992246,1.0,0.20402080416083215,0.06666666666666668,0.9999999999999999,0.7142857142857082,0.0,0.0,1.0,0.0,0.0,0.0,0
0.22253063265816453,1.0,0.17801560312062412,0.8,0.7272727272727273,0.904761904761898,0.0,0.0,0.0,1.0,0.0,0.0,0
0.09992498124531132,0.33333333333333326,0.19983996799359874,0.3,0.9090909090909091,0.6666666666666714,0.0,0.0,0.0,0.0,0.0,1.0,1
0.0,1.0,0.0,0.1,0.2727272727272727,0.5714285714285694,1.0,0.0,0.0,0.0,0.0,0.0,0
0.03898474618654663,0.7777777777777778,0.03898279655931186,0.8666666666666667,0.36363636363636365,0.952380952380949,1.0,0.0,0.0,0.0,0.0,0.0,1
0.04686171542885721,0.05555555555555547,0.249916649996666,0.26666666666666666,0.09090909090909091,0.4761904761904816,0.0,0.0,0.0,0.0,0.0,1.0,1
0.6226556639159789,1.0,0.49809961992398477,0.23333333333333334,0.9090909090909091,0.7142857142857082,0.0,0.0,0.0,0.0,0.0,1.0,0
0.6249062265566392,1.0,0.4998999799959992,0.13333333333333333,0.7272727272727273,0.8095238095238102,1.0,0.0,0.0,0.0,0.0,0.0,0
0.15001250312578146,1.0,0.12000400080016004,0.0,0.6363636363636364,0.8095238095238102,0.0,0.0,0.0,0.0,0.0,1.0,0
0.1,1.0,0.07999599919983998,0.9666666666666667,0.1818181818181818,0.952380952380949,0.0,0.0,1.0,0.0,0.0,0.0,0
0.1867966991747937,0.2222222222222222,0.49809961992398477,0.23333333333333334,0.9090909090909091,0.8095238095238102,0.0,0.0,0.0,1.0,0.0,0.0,1
0.07499374843710928,0.05555555555555547,0.3999466559978661,0.23333333333333334,0.8181818181818182,0.8571428571428612,0.0,0.0,0.0,0.0,0.0,1.0,1
0.10002500625156288,0.7777777777777778,0.10002000400080016,0.8666666666666667,0.8181818181818182,0.904761904761898,0.0,0.0,0.0,0.0,0.0,1.0,1
0.29004751187796945,1.0,0.2320264052810562,0.3,0.1818181818181818,0.4285714285714306,0.0,0.0,0.0,0.0,0.0,1.0,0
0.13495873968492123,0.2222222222222222,0.35987197439487895,0.5333333333333333,0.8181818181818182,0.7619047619047592,0.0,0.0,0.0,0.0,0.0,1.0,1
0.6624156039009752,1.0,0.5299059811962392,0.7,0.2727272727272727,0.904761904761898,0.0,0.0,1.0,0.0,0.0,0.0,0
0.09952488122030506,0.11111111111111105,0.3980796159231847,0.0,0.09090909090909091,0.7619047619047592,0.0,0.0,0.0,0.0,0.0,1.0,1
0.3248312078019505,1.0,0.2598519703940788,0.9999999999999999,0.0,0.8571428571428612,0.0,0.0,0.0,0.0,0.0,1.0,0
0.0,1.0,0.0,0.0,0.4545454545454545,0.952380952380949,0.0,1.0,0.0,0.0,0.0,0.0,0
0.17801950487621904,0.7777777777777778,0.17801060212042408,0.9333333333333333,0.0,0.952380952380949,0.0,0.0,0.0,0.0,0.0,1.0,1
0.15001250312578146,1.0,0.12000400080016004,0.26666666666666666,0.9090909090909091,0.4285714285714306,0.0,0.0,0.0,0.0,0.0,1.0,0
0.8499624906226556,1.0,0.6799359871974394,0.16666666666666669,0.6363636363636364,0.952380952380949,0.0,0.0,0.0,0.0,0.0,1.0,0
0.16241560390097526,1.0,0.1299259851970394,0.3333333333333333,0.6363636363636364,0.7619047619047592,0.0,0.0,0.0,1.0,0.0,0.0,0
0.25503875968992246,1.0,0.20402080416083215,0.6666666666666666,0.8181818181818182,0.8571428571428612,0.0,0.0,0.0,0.0,0.0,1.0,0
0.06499124781195298,1.0,0.05199039807961592,0.3666666666666667,0.1818181818181818,0.952380952380949,0.0,0.0,1.0,0.0,0.0,0.0,0
0.7124281070267566,1.0,0.5699139827965592,0.7333333333333333,0.7272727272727273,0.952380952380949,0.0,0.0,0.0,0.0,0.0,1.0,0
0.0,1.0,0.0,0.6666666666666666,0.8181818181818182,0.904761904761898,0.0,0.0,1.0,0.0,0.0,0.0,0
0.0,1.0,0.0,0.16666666666666669,0.8181818181818182,0.7619047619047592,0.0,0.0,0.0,0.0,0.0,1.0,0
0.4725931482870718,1.0,0.37805561112222447,0.8,0.8181818181818182,0.7619047619047592,0.0,0.0,1.0,0.0,0.0,0.0,0
0.47129282320580146,1.0,0.3770154030806161,0.9,0.7272727272727273,0.5238095238095184,0.0,0.0,0.0,0.0,0.0,1.0,0
0.1875218804701175,1.0,0.15001000200040007,0.06666666666666668,0.7272727272727273,0.6666666666666714,0.0,0.0,0.0,1.0,0.0,0.0,0
0.6249062265566392,1.0,0.4998999799959992,0.5,0.36363636363636365,0.8571428571428612,0.0,0.0,0.0,0.0,0.0,1.0,0
0.0,1.0,0.0,0.5,0.36363636363636365,0.5714285714285694,0.0,0.0,1.0,0.0,0.0,0.0,0
0.16001500375093775,0.7777777777777778,0.16000700140028004,0.16666666666666669,0.0,0.952380952380949,0.0,0.0,0.0,0.0,0.0,1.0,1
0.02935733933483371,0.16666666666666663,0.09393878775755152,0.1,0.7272727272727273,0.3333333333333286,0.0,0.0,0.0,1.0,0.0,0.0,1
0.06999249812453112,1.0,0.055991198239647925,0.6666666666666666,0.2727272727272727,0.4761904761904816,0.0,0.0,0.0,1.0,0.0,0.0,0
0.0,1.0,0.0,0.6333333333333333,0.36363636363636365,0.952380952380949,0.0,0.0,0.0,0.0,0.0,1.0,0
0.148512128032008,0.25555555555555554,0.3600113962186377,0.6666666666666666,0.7272727272727273,0.8095238095238102,1.0,0.0,0.0,0.0,0.0,0.0,1
0.07499374843710928,0.16666666666666663,0.23996799359871973,0.4666666666666667,0.8181818181818182,0.6190476190476204,0.0,0.0,0.0,0.0,0.0,1.0,1
0.0724931232808202,1.0,0.05799159831966393,0.5666666666666667,0.9090909090909091,0.904761904761898,0.0,0.0,0.0,0.0,0.0,1.0,0
0.1,1.0,0.07999599919983998,0.03333333333333333,0.4545454545454545,0.952380952380949,0.0,1.0,0.0,0.0,0.0,0.0,0
0.08304576144036009,0.2666666666666666,0.19539201958038668,0.9,0.1818181818181818,0.5238095238095184,0.0,0.0,0.0,1.0,0.0,0.0,1
0.0,1.0,0.0,0.8666666666666667,0.6363636363636364,0.8571428571428612,1.0,0.0,0.0,0.0,0.0,0.0,0
0.1175043760940235,1.0,0.093998799759952,0.8333333333333334,0.9090909090909091,0.8571428571428612,0.0,0.0,1.0,0.0,0.0,0.0,0
0.30005001250312574,1.0,0.24002800560112023,0.8333333333333334,0.9090909090909091,0.904761904761898,1.0,0.0,0.0,0.0,0.0,0.0,0
0.24881220305076268,0.4444444444444444,0.39807961592318464,0.06666666666666668,0.1818181818181818,0.8095238095238102,0.0,0.0,1.0,0.0,0.0,0.0,1
0.0862215553888472,0.05555555555555547,0.4598252983930119,0.7666666666666667,0.7272727272727273,0.6666666666666714,0.0,0.0,0.0,0.0,0.0,1.0,1
0.49762440610152536,1.0,0.39807961592318464,0.06666666666666668,0.9999999999999999,0.6190476190476204,0.0,0.0,0.0,0.0,0.0,1.0,0
0.05286321580395099,0.8888888888888888,0.046987175212820344,0.0,0.4545454545454545,0.952380952380949,0.0,0.0,0.0,0.0,0.0,1.0,1
0.0,1.0,0.0,0.3,0.9999999999999999,0.904761904761898,0.0,0.0,1.0,0.0,0.0,0.0,0
0.15001250312578146,1.0,0.12000400080016004,0.1,0.7272727272727273,0.904761904761898,0.0,0.0,0.0,0.0,0.0,1.0,0
0.039734933733433356,0.5555555555555556,0.05297726211909048,0.16666666666666669,0.09090909090909091,0.904761904761898,0.0,0.0,0.0,0.0,0.0,1.0,1
0.19777444361090274,1.0,0.1582116423284657,0.03333333333333333,0.09090909090909091,0.7142857142857082,0.0,0.0,0.0,0.0,0.0,1.0,0
0.4350837709427357,1.0,0.3480496099219844,0.3333333333333333,0.4545454545454545,0.7142857142857082,0.0,0.0,0.0,0.0,0.0,1.0,0
0.24906226556639158,0.33333333333333326,0.49809961992398477,0.13333333333333333,0.09090909090909091,0.7142857142857082,0.0,0.0,0.0,0.0,0.0,1.0,1
0.14998749687421856,0.2222222222222222,0.3999466559978661,0.43333333333333335,0.7272727272727273,0.7619047619047592,0.0,0.0,0.0,0.0,0.0,1.0,1
0.0,1.0,0.0,0.5666666666666667,0.8181818181818182,0.4761904761904816,0.0,0.0,0.0,0.0,0.0,1.0,0
0.07126781695423856,0.4444444444444444,0.11402280456091218,0.0,0.2727272727272727,0.952380952380949,0.0,0.0,0.0,0.0,0.0,1.0,1
0.04833708427106776,0.7,0.05296949800919088,0.1,0.7272727272727273,0.8571428571428612,0.0,0.0,0.0,0.0,0.0,1.0,1
0.0,1.0,0.0,0.8,0.36363636363636365,0.7142857142857082,0.0,0.0,0.0,1.0,0.0,0.0,0
0.13000750187546886,0.33333333333333326,0.26000200040008,0.3666666666666667,0.2727272727272727,0.8095238095238102,0.0,0.0,0.0,0.0,0.0,1.0,1
0.7476869217304326,1.0,0.5981196239247849,0.8333333333333334,0.7272727272727273,0.8571428571428612,1.0,0.0,0.0,0.0,0.0,0.0,0
0.1064516129032258,0.25555555555555554,0.2580516103220645,0.26666666666666666,0.2727272727272727,0.6190476190476204,0.0,0.0,0.0,1.0,0.0,0.0,1
0.09364841210302575,0.4444444444444444,0.14982996599319864,0.43333333333333335,0.5454545454545454,0.7619047619047592,0.0,0.0,0.0,1.0,0.0,0.0,1
0.0,1.0,0.0,0.9666666666666667,0.5454545454545454,0.904761904761898,1.0,0.0,0.0,0.0,0.0,0.0,0
0.44761190297574394,1.0,0.35807161432286455,0.3,0.4545454545454545,0.904761904761898,0.0,0.0,1.0,0.0,0.0,0.0,0
0.30005001250312574,1.0,0.24002800560112023,0.8666666666666667,0.2727272727272727,0.4285714285714306,0.0,0.0,0.0,1.0,0.0,0.0,0
0.3225806451612903,1.0,0.2580516103220644,0.4666666666666667,0.5454545454545454,0.904761904761898,1.0,0.0,0.0,0.0,0.0,0.0,0
0.1854713678419605,0.7222222222222222,0.19782623191304924,0.5,0.0,0.6666666666666714,0.0,0.0,0.0,0.0,0.0,1.0,1
0.49762440610152536,1.0,0.39807961592318464,0.8,0.1818181818181818,0.7142857142857082,0.0,0.0,0.0,1.0,0.0,0.0,0
0.07499374843710928,0.4444444444444444,0.11998399679935987,0.06666666666666668,0.09090909090909091,0.952380952380949,0.0,0.0,1.0,0.0,0.0,0.0,1
0.12253063265816454,1.0,0.09801960392078415,0.5666666666666667,0.36363636363636365,0.952380952380949,0.0,0.0,0.0,0.0,1.0,0.0,0
0.18502125531382843,1.0,0.14800960192038407,0.3333333333333333,0.36363636363636365,0.952380952380949,0.0,0.0,1.0,0.0,0.0,0.0,0
0.24996249062265563,1.0,0.19995999199839967,0.7666666666666667,0.8181818181818182,0.8095238095238102,0.0,0.0,0.0,0.0,0.0,1.0,0
0.08249562390597649,1.0,0.06599319863972795,0.06666666666666668,0.09090909090909091,0.952380952380949,0.0,0.0,0.0,0.0,0.0,1.0,0
0.31132783195798946,0.4444444444444444,0.49809961992398477,0.3,0.1818181818181818,0.904761904761898,1.0,0.0,0.0,0.0,0.0,0.0,1
0.25503875968992246,1.0,0.20402080416083215,0.2,0.4545454545454545,0.8571428571428612,0.0,0.0,1.0,0.0,0.0,0.0,0
0.2500375093773443,1.0,0.20002000400080014,0.1,0.7272727272727273,0.8571428571428612,0.0,0.0,0.0,0.0,0.0,1.0,0
0.09249812453113279,1.0,0.07399479895979197,0.9333333333333333,0.7272727272727273,0.5238095238095184,0.0,0.0,0.0,1.0,0.0,0.0,0
0.07799449862465617,0.6111111111111112,0.09598842845492177,0.5333333333333333,0.7272727272727273,0.904761904761898,0.0,0.0,0.0,0.0,0.0,1.0,1
0.8499624906226556,1.0,0.6799359871974394,0.5666666666666667,0.4545454545454545,0.952380952380949,0.0,0.0,0.0,0.0,0.0,1.0,0
0.2725681420355089,1.0,0.21804360872174436,0.3666666666666667,0.36363636363636365,0.952380952380949,1.0,0.0,0.0,0.0,0.0,0.0,0
0.028307076769192297,0.05555555555555547,0.15096352603854102,0.3666666666666667,0.4545454545454545,0.7619047619047592,0.0,0.0,0.0,0.0,0.0,1.0,1
0.1175043760940235,1.0,0.093998799759952,0.6333333333333333,0.7272727272727273,0.5714285714285694,0.0,0.0,0.0,0.0,0.0,1.0,0
0.5226306576644161,1.0,0.41808361672334465,0.4666666666666667,0.5454545454545454,0.904761904761898,1.0,0.0,0.0,0.0,0.0,0.0,0
0.11250312578144536,1.0,0.08999799959991998,0.6333333333333333,0.09090909090909091,0.8571428571428612,0.0,0.0,0.0,1.0,0.0,0.0,0
0.03373343335833959,0.8888888888888888,0.02998377453268431,0.9333333333333333,0.36363636363636365,0.952380952380949,0.0,0.0,1.0,0.0,0.0,0.0,1
0.39759939984996245,1.0,0.3180636127225445,0.3333333333333333,0.4545454545454545,0.6666666666666714,0.0,0.0,0.0,0.0,0.0,1.0,0
0.20252563140785196,0.8888888888888888,0.18001378053388453,0.8333333333333334,0.36363636363636365,0.952380952380949,0.0,0.0,0.0,1.0,0.0,0.0,1
0.1977994498624656,0.19999999999999996,0.5651130226045208,0.0,0.7272727272727273,0.7619047619047592,0.0,0.0,0.0,0.0,0.0,1.0,1
0.2700425106276569,1.0,0.21602320464092817,0.4,0.09090909090909091,0.952380952380949,0.0,0.0,0.0,0.0,0.0,1.0,0
0.06249062265566391,1.0,0.04998999799959992,0.6666666666666666,0.2727272727272727,0.952380952380949,0.0,0.0,0.0,1.0,0.0,0.0,0
0.18502125531382843,1.0,0.14800960192038407,0.1,0.4545454545454545,0.904761904761898,0.0,0.0,0.0,1.0,0.0,0.0,0
0.4725931482870718,1.0,0.37805561112222447,0.03333333333333333,0.36363636363636365,0.8095238095238102,0.0,0.0,0.0,0.0,0.0,1.0,0
0.04998749687421855,0.16666666666666663,0.1599519903980796,0.6333333333333333,0.4545454545454545,0.8571428571428612,0.0,0.0,0.0,0.0,0.0,1.0,1
0.4000750187546887,1.0,0.32004400880176037,0.7333333333333333,0.09090909090909091,0.8095238095238102,1.0,0.0,0.0,0.0,0.0,0.0,0
0.03823455863965991,0.8888888888888888,0.03398457469271632,0.06666666666666668,0.4545454545454545,0.952380952380949,0.0,0.0,0.0,0.0,0.0,1.0,1
0.18502125531382843,1.0,0.14800960192038407,0.3,0.2727272727272727,0.8571428571428612,0.0,0.0,0.0,1.0,0.0,0.0,0
0.11002750687671918,1.0,0.08801760352070415,0.6666666666666666,0.36363636363636365,0.952380952380949,0.0,0.0,1.0,0.0,0.0,0.0,0
0.0,1.0,0.0,0.16666666666666669,0.4545454545454545,0.2857142857142918,0.0,0.0,0.0,0.0,0.0,1.0,0
0.15001250312578146,0.7222222222222222,0.16000533440021336,0.13333333333333333,0.09090909090909091,0.952380952380949,0.0,0.0,0.0,0.0,0.0,1.0,1
0.4373593398349587,1.0,0.34986997399479897,0.3333333333333333,0.09090909090909091,0.952380952380949,0.0,0.0,0.0,0.0,0.0,1.0,0
0.4973743435858965,1.0,0.397879575915183,0.8666666666666667,0.09090909090909091,0.904761904761898,1.0,0.0,0.0,0.0,0.0,0.0,0
0.0,1.0,0.0,0.7666666666666667,0.2727272727272727,0.8571428571428612,0.0,0.0,1.0,0.0,0.0,0.0,0
0.017804451112778195,0.05555555555555547,0.09495232379809294,0.06666666666666668,0.9090909090909091,0.8095238095238102,0.0,0.0,1.0,0.0,0.0,0.0,1
0.05936484121030257,0.4444444444444444,0.09497899579915983,0.8666666666666667,0.2727272727272727,0.7619047619047592,0.0,0.0,0.0,0.0,0.0,1.0,1
0.1,1.0,0.07999599919983998,0.0,0.4545454545454545,0.952380952380949,0.0,0.0,0.0,0.0,1.0,0.0,0
0.49987496874218557,1.0,0.39987997599519903,0.06666666666666668,0.2727272727272727,0.904761904761898,0.0,0.0,0.0,0.0,0.0,1.0,0
0.15628907226806701,0.4444444444444444,0.2500500100020004,0.43333333333333335,0.7272727272727273,0.7619047619047592,0.0,0.0,0.0,0.0,0.0,1.0,1
0.136384096024006,0.5555555555555556,0.1818363672734547,0.3333333333333333,0.9999999999999999,0.904761904761898,0.0,0.0,1.0,0.0,0.0,0.0,1
0.0,1.0,0.0,0.9999999999999999,0.0,0.2857142857142918,0.0,0.0,1.0,0.0,0.0,0.0,0
0.04298574643660916,0.33333333333333326,0.08596719343868774,0.23333333333333334,0.9090909090909091,0.7619047619047592,0.0,0.0,0.0,0.0,0.0,1.0,1
0.6249062265566392,1.0,0.4998999799959992,0.3333333333333333,0.4545454545454545,0.904761904761898,0.0,0.0,0.0,1.0,0.0,0.0,0
0.4725931482870718,1.0,0.37805561112222447,0.4,0.6363636363636364,0.3333333333333286,0.0,0.0,0.0,0.0,0.0,1.0,0
0.18502125531382843,1.0,0.14800960192038407,0.3333333333333333,0.5454545454545454,0.904761904761898,0.0,0.0,0.0,0.0,0.0,1.0,0
0.1175043760940235,1.0,0.093998799759952,0.7666666666666667,0.09090909090909091,0.5238095238095184,0.0,0.0,0.0,1.0,0.0,0.0,0
0.22253063265816453,1.0,0.17801560312062412,0.7666666666666667,0.2727272727272727,0.5714285714285694,0.0,0.0,0.0,0.0,0.0,1.0,0
0.0,1.0,0.0,0.16666666666666669,0.7272727272727273,0.5714285714285694,0.0,0.0,0.0,0.0,0.0,1.0,0
0.2250312578144536,1.0,0.18001600320064012,0.6666666666666666,0.2727272727272727,0.7619047619047592,0.0,0.0,0.0,1.0,0.0,0.0,0
0.15001250312578146,1.0,0.12000400080016004,0.03333333333333333,0.9999999999999999,0.7142857142857082,0.0,0.0,0.0,1.0,0.0,0.0,0
0.06599149787446862,0.5555555555555556,0.08798426351937053,0.9,0.7272727272727273,0.7142857142857082,0.0,0.0,0.0,0.0,0.0,1.0,1
0.0,1.0,0.0,0.9333333333333333,0.0,0.4285714285714306,0.0,0.0,0.0,1.0,0.0,0.0,0
0.0239809952488122,0.7777777777777778,0.02397979595919184,0.8666666666666667,0.36363636363636365,0.952380952380949,1.0,0.0,0.0,0.0,0.0,0.0,1
0.47129282320580146,1.0,0.3770154030806161,0.7666666666666667,0.36363636363636365,0.4761904761904816,0.0,0.0,0.0,0.0,0.0,1.0,0
0.11250312578144536,0.4444444444444444,0.17999599919983997,0.8,0.2727272727272727,0.8571428571428612,0.0,0.0,0.0,1.0,0.0,0.0,1
0.11250312578144536,0.4444444444444444,0.17999599919983997,0.7333333333333333,0.2727272727272727,0.952380952380949,1.0,0.0,0.0,0.0,0.0,0.0,1
0.037484371092773194,0.16666666666666663,0.11994398879775955,0.7666666666666667,0.2727272727272727,0.5238095238095184,0.0,0.0,0.0,0.0,0.0,1.0,1
0.189022255563891,0.8888888888888888,0.16801138005378854,0.03333333333333333,0.4545454545454545,0.952380952380949,0.0,0.0,0.0,0.0,0.0,1.0,1
0.07501875468867217,0.5555555555555556,0.10002000400080016,0.6,0.8181818181818182,0.7142857142857082,0.0,0.0,0.0,1.0,0.0,0.0,1
0.04498624656164041,0.38888888888888884,0.07997154986552867,0.7333333333333333,0.36363636363636365,0.904761904761898,0.0,0.0,0.0,0.0,0.0,1.0,1
0.07499374843710928,0.4444444444444444,0.11998399679935987,0.23333333333333334,0.9090909090909091,0.8571428571428612,0.0,0.0,0.0,0.0,0.0,1.0,1
0.0,1.0,0.0,0.6,0.5454545454545454,0.8095238095238102,0.0,0.0,0.0,0.0,0.0,1.0,0
0.37506876719179794,1.0,0.30004000800160036,0.5333333333333333,0.4545454545454545,0.8571428571428612,0.0,0.0,1.0,0.0,0.0,0.0,0
0.25503875968992246,1.0,0.20402080416083215,0.3333333333333333,0.4545454545454545,0.7142857142857082,0.0,0.0,0.0,0.0,0.0,1.0,0
0.2250312578144536,1.0,0.18001600320064012,0.43333333333333335,0.6363636363636364,0.904761904761898,0.0,0.0,0.0,0.0,0.0,1.0,0
0.08224556139034758,0.6666666666666666,0.09399022661675192,0.5,0.4545454545454545,0.904761904761898,0.0,0.0,0.0,1.0,0.0,0.0,1
0.136384096024006,0.5555555555555556,0.1818363672734547,0.3333333333333333,0.9999999999999999,0.904761904761898,0.0,0.0,1.0,0.0,0.0,0.0,1
0.0,1.0,0.0,0.03333333333333333,0.4545454545454545,0.6190476190476204,1.0,0.0,0.0,0.0,0.0,0.0,0
0.15001250312578146,1.0,0.12000400080016004,0.5666666666666667,0.8181818181818182,0.5714285714285694,0.0,0.0,0.0,1.0,0.0,0.0,0
0.39759939984996245,1.0,0.3180636127225445,0.9333333333333333,0.36363636363636365,0.6190476190476204,0.0,0.0,0.0,0.0,0.0,1.0,0
0.7501625406351587,1.0,0.6001000200040009,0.3666666666666667,0.9090909090909091,0.904761904761898,1.0,0.0,0.0,0.0,0.0,0.0,0
0.0,1.0,0.0,0.13333333333333333,0.2727272727272727,0.6666666666666714,0.0,0.0,1.0,0.0,0.0,0.0,0
0.170017504376094,1.0,0.13600720144028805,0.8333333333333334,0.36363636363636365,0.952380952380949,0.0,0.0,1.0,0.0,0.0,0.0,0
0.1312328082020505,0.05555555555555547,0.6998733079949322,0.26666666666666666,0.4545454545454545,0.7619047619047592,0.0,0.0,0.0,0.0,0.0,1.0,1
0.22253063265816453,1.0,0.17801560312062412,0.23333333333333334,0.1818181818181818,0.5714285714285694,0.0,0.0,0.0,0.0,0.0,1.0,0
0.0,1.0,0.0,0.8,0.36363636363636365,0.952380952380949,1.0,0.0,0.0,0.0,0.0,0.0,0
0.6226556639159789,1.0,0.49809961992398477,0.5666666666666667,0.7272727272727273,0.904761904761898,0.0,0.0,0.0,0.0,0.0,1.0,0
0.07999499874968742,1.0,0.06399279855971193,0.3666666666666667,0.09090909090909091,0.952380952380949,0.0,0.0,0.0,0.0,0.0,1.0,0
0.08499624906226556,0.11111111111111105,0.3399679935987198,0.6,0.36363636363636365,0.6666666666666714,0.0,0.0,1.0,0.0,0.0,0.0,1
0.37484371092773194,1.0,0.2998599719943989,0.03333333333333333,0.4545454545454545,0.952380952380949,0.0,0.0,0.0,0.0,1.0,0.0,0
0.09499874968742186,0.7333333333333334,0.09999368294711573,0.06666666666666668,0.4545454545454545,0.952380952380949,0.0,0.0,1.0,0.0,0.0,0.0,1
0.14853713428357088,0.5555555555555556,0.19803960792158432,0.5333333333333333,0.8181818181818182,0.904761904761898,0.0,0.0,0.0,0.0,0.0,1.0,1
0.0,1.0,0.0,0.2,0.4545454545454545,0.8571428571428612,1.0,0.0,0.0,0.0,0.0,0.0,0
0.12375593898474618,0.8888888888888888,0.10999977773332444,0.0,0.4545454545454545,0.952380952380949,0.0,0.0,0.0,0.0,0.0,1.0,1
0.16241560390097526,1.0,0.1299259851970394,0.6333333333333333,0.7272727272727273,0.8095238095238102,0.0,0.0,0.0,0.0,0.0,1.0,0
0.15001250312578146,1.0,0.12000400080016004,0.9,0.4545454545454545,0.8095238095238102,0.0,0.0,0.0,1.0,0.0,0.0,0
0.6249062265566392,1.0,0.4998999799959992,0.3666666666666667,0.6363636363636364,0.7619047619047592,0.0,0.0,0.0,1.0,0.0,0.0,0
0.06599149787446862,0.7777777777777778,0.0659881976395279,0.8333333333333334,0.7272727272727273,0.904761904761898,0.0,0.0,0.0,0.0,0.0,1.0,1
0.08877219304826206,1.0,0.07101420284056811,0.0,0.4545454545454545,0.952380952380949,0.0,0.0,0.0,0.0,0.0,1.0,0
0.08249562390597649,0.5555555555555556,0.10998866439954659,0.1,0.8181818181818182,0.8095238095238102,0.0,0.0,0.0,0.0,0.0,1.0,1
0.0,1.0,0.0,0.3666666666666667,0.8181818181818182,0.7142857142857082,0.0,0.0,0.0,0.0,0.0,1.0,0
0.6851712928232058,1.0,0.5481096219243848,0.6666666666666666,0.1818181818181818,0.6190476190476204,0.0,0.0,0.0,0.0,0.0,1.0,0
0.25503875968992246,1.0,0.20402080416083215,0.2,0.8181818181818182,0.6190476190476204,0.0,0.0,0.0,0.0,0.0,1.0,0
0.6249062265566392,1.0,0.4998999799959992,0.9,0.1818181818181818,0.8095238095238102,0.0,0.0,0.0,0.0,0.0,1.0,0
0.0,1.0,0.0,0.2,0.0,0.8571428571428612,1.0,0.0,0.0,0.0,0.0,0.0,0
0.5976494123530882,1.0,0.47809561912382476,0.6333333333333333,0.9090909090909091,0.8571428571428612,0.0,0.0,1.0,0.0,0.0,0.0,0
0.08999749937484372,0.5555555555555556,0.11999066479962661,0.0,0.2727272727272727,0.904761904761898,0.0,0.0,0.0,0.0,0.0,1.0,1
0.0,1.0,0.0,0.8666666666666667,0.5454545454545454,0.7142857142857082,1.0,0.0,0.0,0.0,0.0,0.0,0
0.0544386096524131,0.6222222222222222,0.06598289354840667,0.1,0.9999999999999999,0.904761904761898,0.0,0.0,0.0,0.0,0.0,1.0,1
0.0,1.0,0.0,0.16666666666666669,0.1818181818181818,0.904761904761898,0.0,0.0,1.0,0.0,0.0,0.0,0
0.0587646911727932,1.0,0.04700940188037608,0.03333333333333333,0.8181818181818182,0.8571428571428612,0.0,0.0,0.0,0.0,0.0,1.0,0
0.7476869217304326,1.0,0.5981196239247849,0.3666666666666667,0.1818181818181818,0.952380952380949,0.0,0.0,0.0,0.0,0.0,1.0,0
0.170017504376094,1.0,0.13600720144028805,0.9,0.09090909090909091,0.6190476190476204,0.0,0.0,0.0,0.0,0.0,1.0,0
0.0,1.0,0.0,0.13333333333333333,0.8181818181818182,0.6666666666666714,0.0,0.0,0.0,0.0,0.0,1.0,0
0.1124031007751938,1.0,0.08991798359671935,0.03333333333333333,0.9999999999999999,0.904761904761898,1.0,0.0,0.0,0.0,0.0,0.0,0
0.02935733933483371,0.16666666666666663,0.09393878775755152,0.13333333333333333,0.8181818181818182,0.8095238095238102,0.0,0.0,0.0,0.0,0.0,1.0,1
0.037484371092773194,0.16666666666666663,0.11994398879775955,0.0,0.6363636363636364,0.5238095238095184,0.0,0.0,0.0,1.0,0.0,0.0,1
0.0,1.0,0.0,0.3,0.2727272727272727,0.8571428571428612,0.0,0.0,0.0,0.0,0.0,1.0,0
0.2250312578144536,1.0,0.18001600320064012,0.26666666666666666,0.2727272727272727,0.952380952380949,0.0,0.0,1.0,0.0,0.0,0.0,0
0.04498624656164041,0.2222222222222222,0.11995732479829296,0.23333333333333334,0.9999999999999999,0.8095238095238102,0.0,0.0,0.0,1.0,0.0,0.0,1
0.24503625906476617,1.0,0.19601920384076815,0.16666666666666669,0.9090909090909091,0.904761904761898,0.0,0.0,0.0,0.0,0.0,1.0,0
0.24256064016004,0.33333333333333326,0.4850970194038808,0.06666666666666668,0.8181818181818182,0.8571428571428612,1.0,0.0,0.0,0.0,0.0,0.0,1
0.24746186546636656,1.0,0.19795959191838366,0.9666666666666667,0.1818181818181818,0.7142857142857082,0.0,0.0,0.0,0.0,0.0,1.0,0
0.037484371092773194,0.16666666666666663,0.11994398879775955,0.8,0.0,0.5714285714285694,0.0,0.0,0.0,1.0,0.0,0.0,1
0.06749187296824205,0.8888888888888888,0.05998977573292436,0.1,0.4545454545454545,0.952380952380949,0.0,0.0,0.0,0.0,0.0,1.0,1
0.03150787696924231,0.7777777777777778,0.03150630126025205,0.8666666666666667,0.36363636363636365,0.952380952380949,0.0,0.0,0.0,0.0,0.0,1.0,1
0.0724931232808202,1.0,0.05799159831966393,0.8666666666666667,0.6363636363636364,0.8571428571428612,1.0,0.0,0.0,0.0,0.0,0.0,0
0.0962490622655664,1.0,0.07699539907981597,0.9999999999999999,0.1818181818181818,0.952380952380949,0.0,0.0,0.0,0.0,0.0,1.0,0
0.33755938984746187,1.0,0.2700340068013603,0.7333333333333333,0.7272727272727273,0.6666666666666714,0.0,0.0,0.0,0.0,0.0,1.0,0
0.2500375093773443,1.0,0.20002000400080014,0.3666666666666667,0.7272727272727273,0.3333333333333286,0.0,0.0,0.0,0.0,0.0,1.0,0
0.21905476369092272,0.33333333333333326,0.4380876175235047,0.3333333333333333,0.7272727272727273,0.8571428571428612,0.0,0.0,0.0,0.0,0.0,1.0,1
0.04386096524131033,0.8888888888888888,0.03898557489275632,0.06666666666666668,0.4545454545454545,0.952380952380949,0.0,0.0,0.0,0.0,0.0,1.0,1
0.11875468867216804,1.0,0.09499899979996,0.5666666666666667,0.7272727272727273,0.6190476190476204,0.0,0.0,0.0,0.0,0.0,1.0,0
0.06001500375093773,1.0,0.048009601920384073,0.5666666666666667,0.36363636363636365,0.952380952380949,0.0,0.0,0.0,0.0,1.0,0.0,0
0.18502125531382843,1.0,0.14800960192038407,0.9666666666666667,0.0,0.952380952380949,1.0,0.0,0.0,0.0,0.0,0.0,0
0.31132783195798946,0.4444444444444444,0.49809961992398477,0.7333333333333333,0.0,0.904761904761898,0.0,0.0,0.0,0.0,0.0,1.0,1
0.0099774943735934,0.0,0.07981596319263855,0.5,0.09090909090909091,0.2857142857142918,0.0,0.0,0.0,0.0,0.0,1.0,1
0.1175043760940235,1.0,0.093998799759952,0.4666666666666667,0.7272727272727273,0.904761904761898,0.0,0.0,0.0,0.0,0.0,1.0,0
0.15001250312578146,1.0,0.12000400080016004,0.2,0.2727272727272727,0.952380952380949,0.0,0.0,0.0,0.0,0.0,1.0,0
0.3225806451612903,1.0,0.2580516103220644,0.6333333333333333,0.8181818181818182,0.4761904761904816,0.0,0.0,0.0,0.0,0.0,1.0,0
0.1124031007751938,1.0,0.08991798359671935,0.7333333333333333,0.4545454545454545,0.904761904761898,1.0,0.0,0.0,0.0,0.0,0.0,0
0.7476869217304326,1.0,0.5981196239247849,0.43333333333333335,0.6363636363636364,0.904761904761898,1.0,0.0,0.0,0.0,0.0,0.0,0
0.21600400100025005,0.6,0.26999149829965996,0.43333333333333335,0.6363636363636364,0.8571428571428612,0.0,0.0,0.0,1.0,0.0,0.0,1
0.0,1.0,0.0,0.16666666666666669,0.9090909090909091,0.904761904761898,0.0,0.0,1.0,0.0,0.0,0.0,0
0.15001250312578146,1.0,0.12000400080016004,0.3666666666666667,0.0,0.952380952380949,0.0,0.0,0.0,0.0,0.0,1.0,0
0.10500125031257815,1.0,0.08399679935987198,0.4666666666666667,0.7272727272727273,0.8571428571428612,0.0,0.0,0.0,1.0,0.0,0.0,0
0.08499624906226556,0.11111111111111105,0.3399679935987198,0.6,0.36363636363636365,0.6666666666666714,1.0,0.0,0.0,0.0,0.0,0.0,1
0.15001250312578146,1.0,0.12000400080016004,0.4666666666666667,0.0,0.904761904761898,0.0,0.0,0.0,1.0,0.0,0.0,0
0.8249562390597649,1.0,0.6599319863972795,0.3666666666666667,0.9090909090909091,0.2857142857142918,0.0,0.0,0.0,0.0,0.0,1.0,0
0.019979994998749688,0.33333333333333326,0.03995799159831967,0.16666666666666669,0.9090909090909091,0.4285714285714306,0.0,0.0,0.0,1.0,0.0,0.0,1
0.21002750687671917,1.0,0.1680136027205441,0.2,0.36363636363636365,0.952380952380949,0.0,0.0,0.0,1.0,0.0,0.0,0
0.0,1.0,0.0,0.6,0.0,0.952380952380949,1.0,0.0,0.0,0.0,0.0,0.0,0
0.05476369092273068,1.0,0.04380876175235047,0.6666666666666666,0.36363636363636365,0.952380952380949,1.0,0.0,0.0,0.0,0.0,0.0,0
0.3873468367091773,1.0,0.30986197239447894,0.7333333333333333,0.36363636363636365,0.5714285714285694,0.0,0.0,0.0,0.0,0.0,1.0,0
0.42420605151287816,1.0,0.3393478695739148,0.5666666666666667,0.4545454545454545,0.904761904761898,0.0,1.0,0.0,0.0,0.0,0.0,0
0.0689922480620155,0.7777777777777778,0.0689887977595519,0.2,0.2727272727272727,0.952380952380949,0.0,0.0,0.0,1.0,0.0,0.0,1
0.04248562140535133,1.0,0.03398679735947189,0.9,0.9999999999999999,0.5714285714285694,0.0,0.0,0.0,0.0,0.0,1.0,0
0.1237059264816204,0.2222222222222222,0.3298659731946389,0.6666666666666666,0.09090909090909091,0.8095238095238102,0.0,0.0,0.0,0.0,0.0,1.0,1
0.32633158289572395,0.7222222222222222,0.34806961392278457,0.6666666666666666,0.0,0.952380952380949,1.0,0.0,0.0,0.0,0.0,0.0,1
0.5748937234308578,1.0,0.45989197839567914,0.3333333333333333,0.2727272727272727,0.4761904761904816,0.0,0.0,0.0,0.0,0.0,1.0,0
0.5001000250062516,1.0,0.4000600120024005,0.6,0.7272727272727273,0.8095238095238102,0.0,0.0,1.0,0.0,0.0,0.0,0
0.07499374843710928,1.0,0.05999199839967993,0.26666666666666666,0.36363636363636365,0.952380952380949,1.0,0.0,0.0,0.0,0.0,0.0,0
0.059989997499374836,0.33333333333333326,0.1199739947989598,0.0,0.9090909090909091,0.7142857142857082,0.0,0.0,0.0,0.0,0.0,1.0,1
0.031307826956739185,0.05555555555555547,0.16696672667866905,0.1,0.1818181818181818,0.3333333333333286,0.0,0.0,0.0,0.0,0.0,1.0,1
0.0962490622655664,1.0,0.07699539907981597,0.43333333333333335,0.36363636363636365,0.952380952380949,0.0,0.0,1.0,0.0,0.0,0.0,0
0.135008752188047,0.8888888888888888,0.12000177813340446,0.8333333333333334,0.36363636363636365,0.952380952380949,0.0,0.0,0.0,1.0,0.0,0.0,1
0.3050512628157039,1.0,0.2440288057611522,0.7333333333333333,0.36363636363636365,0.904761904761898,0.0,0.0,0.0,0.0,0.0,1.0,0
0.27481870467616903,1.0,0.21984396879375875,0.1,0.1818181818181818,0.904761904761898,0.0,0.0,0.0,1.0,0.0,0.0,0
0.13350837709427357,0.5555555555555556,0.17800226712009068,0.2,0.9090909090909091,0.8571428571428612,0.0,0.0,1.0,0.0,0.0,0.0,1
0.31132783195798946,1.0,0.24904980996199239,0.4,0.36363636363636365,0.7142857142857082,0.0,0.0,0.0,0.0,0.0,1.0,0
0.05123780945236309,1.0,0.0409881976395279,0.9666666666666667,0.8181818181818182,0.904761904761898,0.0,0.0,0.0,1.0,0.0,0.0,0
0.10575143785946486,0.8888888888888888,0.09399657709319642,0.7333333333333333,0.7272727272727273,0.8571428571428612,0.0,0.0,0.0,1.0,0.0,0.0,1
0.0,1.0,0.0,0.6666666666666666,0.9090909090909091,0.8571428571428612,0.0,0.0,1.0,0.0,0.0,0.0,0
0.19379844961240308,1.0,0.15503100620124025,0.8666666666666667,0.8181818181818182,0.4761904761904816,0.0,0.0,0.0,0.0,0.0,1.0,0
0.11252813203300825,1.0,0.09001800360072014,0.7666666666666667,0.1818181818181818,0.904761904761898,0.0,0.0,1.0,0.0,0.0,0.0,0
0.18504626156539133,1.0,0.14802960592118425,0.06666666666666668,0.9999999999999999,0.904761904761898,1.0,0.0,0.0,0.0,0.0,0.0,0
0.050987746936734184,0.2666666666666666,0.11996516950448914,0.0,0.2727272727272727,0.7142857142857082,0.0,0.0,0.0,1.0,0.0,0.0,1
0.037484371092773194,0.0,0.29985997199439895,0.8333333333333334,0.7272727272727273,0.6190476190476204,0.0,0.0,0.0,0.0,0.0,1.0,1
0.17851962990747686,0.6666666666666666,0.2040122310176321,0.9999999999999999,0.36363636363636365,0.7619047619047592,0.0,0.0,0.0,0.0,0.0,1.0,1
0.15001250312578146,1.0,0.12000400080016004,0.9,0.2727272727272727,0.952380952380949,1.0,0.0,0.0,0.0,0.0,0.0,0
0.0,1.0,0.0,0.9,0.2727272727272727,0.904761904761898,1.0,0.0,0.0,0.0,0.0,0.0,0
0.13750937734433608,1.0,0.11000200040008003,0.6333333333333333,0.36363636363636365,0.952380952380949,1.0,0.0,0.0,0.0,0.0,0.0,0
0.22253063265816453,1.0,0.17801560312062412,0.7333333333333333,0.2727272727272727,0.8571428571428612,0.0,0.0,1.0,0.0,0.0,0.0,0
0.2250312578144536,1.0,0.18001600320064012,0.7333333333333333,0.4545454545454545,0.4285714285714306,0.0,0.0,0.0,0.0,0.0,1.0,0
0.12000500125031258,1.0,0.09599919983996799,0.23333333333333334,0.09090909090909091,0.952380952380949,0.0,0.0,1.0,0.0,0.0,0.0,0
0.6250312578144536,1.0,0.5,0.5333333333333333,0.6363636363636364,0.6666666666666714,0.0,0.0,1.0,0.0,0.0,0.0,0
0.24541135283820956,1.0,0.19631926385277054,0.23333333333333334,0.36363636363636365,0.8571428571428612,0.0,0.0,0.0,0.0,0.0,1.0,0
0.0,1.0,0.0,0.7,0.8181818181818182,0.904761904761898,1.0,0.0,0.0,0.0,0.0,0.0,0
0.5776194048512128,1.0,0.4620724144828966,0.1,0.9090909090909091,0.904761904761898,0.0,0.0,1.0,0.0,0.0,0.0,0
0.061990497624406095,0.7777777777777778,0.0619873974794959,0.3,0.8181818181818182,0.904761904761898,0.0,0.0,0.0,1.0,0.0,0.0,1
0.10312578144536134,0.7222222222222222,0.10999533239981331,0.9,0.5454545454545454,0.6666666666666714,0.0,0.0,0.0,0.0,0.0,1.0,1
0.0,1.0,0.0,0.3,0.09090909090909091,0.952380952380949,1.0,0.0,0.0,0.0,0.0,0.0,0
0.15001250312578146,1.0,0.12000400080016004,0.03333333333333333,0.2727272727272727,0.4285714285714306,0.0,0.0,1.0,0.0,0.0,0.0,0
0.16876719179794947,0.8888888888888888,0.15000777933364448,0.9,0.36363636363636365,0.952380952380949,0.0,0.0,0.0,0.0,0.0,1.0,1
0.0962490622655664,1.0,0.07699539907981597,0.9333333333333333,0.2727272727272727,0.952380952380949,0.0,0.0,0.0,0.0,0.0,1.0,0
0.08999749937484372,0.33333333333333326,0.1799859971994399,0.23333333333333334,0.1818181818181818,0.8095238095238102,0.0,0.0,0.0,1.0,0.0,0.0,1
0.07464366091522881,0.2222222222222222,0.19903980796159232,0.9999999999999999,0.36363636363636365,0.2857142857142918,0.0,0.0,0.0,0.0,0.0,1.0,1
0.7342335583895974,0.7222222222222222,0.7831432953257317,0.9333333333333333,0.0,0.952380952380949,1.0,0.0,0.0,0.0,0.0,0.0,1
0.1175043760940235,1.0,0.093998799759952,0.4,0.2727272727272727,0.8095238095238102,1.0,0.0,0.0,0.0,0.0,0.0,0
0.02498124531132783,1.0,0.019983996799359874,0.1,0.2727272727272727,0.8571428571428612,0.0,0.0,0.0,1.0,0.0,0.0,0
0.38757189297324335,1.0,0.31004200840168034,0.3333333333333333,0.9090909090909091,0.904761904761898,0.0,0.0,1.0,0.0,0.0,0.0,0
0.1975493873468367,1.0,0.15803160632126426,0.3,0.9090909090909091,0.7142857142857082,1.0,0.0,0.0,0.0,0.0,0.0,0
0.13388347086771693,0.8333333333333333,0.1260016709224198,0.03333333333333333,0.4545454545454545,0.952380952380949,0.0,0.0,0.0,0.0,0.0,1.0,1
0.11125281320330083,0.4444444444444444,0.17799559911982396,0.43333333333333335,0.2727272727272727,0.904761904761898,0.0,0.0,1.0,0.0,0.0,0.0,1
0.0,1.0,0.0,0.0,0.5454545454545454,0.904761904761898,0.0,0.0,1.0,0.0,0.0,0.0,0
0.059039759939985,0.7222222222222222,0.06297259451890379,0.5,0.9090909090909091,0.904761904761898,0.0,0.0,0.0,1.0,0.0,0.0,1
0.20005001250312576,1.0,0.16003200640128026,0.23333333333333334,0.9999999999999999,0.7619047619047592,0.0,0.0,0.0,0.0,0.0,1.0,0
0.11250312578144536,0.7222222222222222,0.11999733279989332,0.3,0.7272727272727273,0.904761904761898,0.0,0.0,0.0,0.0,0.0,1.0,1
0.0,1.0,0.0,0.4,0.1818181818181818,0.904761904761898,0.0,0.0,1.0,0.0,0.0,0.0,0
0.0724931232808202,1.0,0.05799159831966393,0.0,0.1818181818181818,0.7619047619047592,0.0,0.0,0.0,0.0,0.0,1.0,0
0.10600150037509377,0.33333333333333326,0.21199239847969592,0.6666666666666666,0.09090909090909091,0.5238095238095184,0.0,0.0,0.0,0.0,0.0,1.0,1
0.1,1.0,0.07999599919983998,0.16666666666666669,0.5454545454545454,0.904761904761898,0.0,0.0,0.0,1.0,0.0,0.0,0
0.15301325331332832,0.5555555555555556,0.2040074681602987,0.4,0.4545454545454545,0.904761904761898,0.0,0.0,0.0,0.0,0.0,1.0,1
0.18502125531382843,1.0,0.14800960192038407,0.4,0.36363636363636365,0.6666666666666714,0.0,0.0,0.0,1.0,0.0,0.0,0
0.33755938984746187,1.0,0.2700340068013603,0.4,0.1818181818181818,0.952380952380949,0.0,0.0,0.0,0.0,0.0,1.0,0
0.09599899974993749,0.7777777777777778,0.09599419883976795,0.26666666666666666,0.2727272727272727,0.952380952380949,0.0,0.0,1.0,0.0,0.0,0.0,1
0.05681420355088772,0.8888888888888888,0.050498988686626216,0.1,0.4545454545454545,0.952380952380949,1.0,0.0,0.0,0.0,0.0,0.0,1
0.020980245061265317,0.05555555555555547,0.11188904447556178,0.23333333333333334,0.8181818181818182,0.3809523809523796,0.0,0.0,0.0,1.0,0.0,0.0,1
0.037484371092773194,0.16666666666666663,0.11994398879775955,0.3333333333333333,0.9999999999999999,0.5714285714285694,0.0,0.0,0.0,0.0,0.0,1.0,1
0.3275568892223056,1.0,0.2620324064812963,0.5,0.0,0.904761904761898,1.0,0.0,0.0,0.0,0.0,0.0,0
0.12453113278319579,0.11111111111111105,0.4980996199239849,0.7666666666666667,0.6363636363636364,0.7142857142857082,0.0,0.0,0.0,1.0,0.0,0.0,1
0.0,1.0,0.0,0.03333333333333333,0.6363636363636364,0.3333333333333286,0.0,0.0,0.0,0.0,0.0,1.0,0
0.08249562390597649,1.0,0.06599319863972795,0.8666666666666667,0.8181818181818182,0.904761904761898,0.0,0.0,1.0,0.0,0.0,0.0,0
0.09749937484371093,0.5555555555555556,0.12999266519970662,0.2,0.9090909090909091,0.8095238095238102,0.0,0.0,0.0,1.0,0.0,0.0,1
0.0,1.0,0.0,0.03333333333333333,0.9090909090909091,0.2380952380952408,0.0,0.0,1.0,0.0,0.0,0.0,0
0.0,1.0,0.0,0.2,0.0,0.904761904761898,1.0,0.0,0.0,0.0,0.0,0.0,0
0.056614153538384594,0.2222222222222222,0.15096352603854102,0.8666666666666667,0.6363636363636364,0.6666666666666714,0.0,0.0,0.0,0.0,0.0,1.0,1
0.11500375093773443,1.0,0.09199839967993599,0.9666666666666667,0.5454545454545454,0.6190476190476204,0.0,0.0,0.0,1.0,0.0,0.0,0
0.21002750687671917,1.0,0.1680136027205441,0.8666666666666667,0.2727272727272727,0.952380952380949,0.0,0.0,0.0,0.0,0.0,1.0,0
0.170017504376094,1.0,0.13600720144028805,0.4666666666666667,0.8181818181818182,0.8095238095238102,0.0,0.0,0.0,1.0,0.0,0.0,0
0.25503875968992246,1.0,0.20402080416083215,0.3666666666666667,0.1818181818181818,0.952380952380949,0.0,0.0,0.0,1.0,0.0,0.0,0
0.016104026006501626,0.05555555555555547,0.08588384343535373,0.9666666666666667,0.9090909090909091,0.4285714285714306,0.0,0.0,0.0,0.0,0.0,1.0,1
0.056614153538384594,0.2222222222222222,0.15096352603854102,0.8,0.7272727272727273,0.5238095238095184,0.0,0.0,0.0,0.0,0.0,1.0,1
0.1,1.0,0.07999599919983998,0.7333333333333333,0.8181818181818182,0.904761904761898,0.0,0.0,0.0,0.0,0.0,1.0,0
0.3275568892223056,1.0,0.2620324064812963,0.5,0.2727272727272727,0.952380952380949,0.0,0.0,0.0,0.0,0.0,1.0,0
0.14251062765691422,1.0,0.11400280056011203,0.8666666666666667,0.9090909090909091,0.904761904761898,0.0,0.0,0.0,0.0,0.0,1.0,0
0.10037509377344336,0.9,0.08823742770532128,0.1,0.4545454545454545,0.952380952380949,0.0,0.0,0.0,0.0,1.0,0.0,1
0.21995498874718677,0.33333333333333326,0.4398879775955191,0.9333333333333333,0.8181818181818182,0.8571428571428612,1.0,0.0,0.0,0.0,0.0,0.0,1
0.22253063265816453,1.0,0.17801560312062412,0.6,0.9999999999999999,0.5714285714285694,0.0,0.0,0.0,0.0,0.0,1.0,0
0.18502125531382843,1.0,0.14800960192038407,0.6666666666666666,0.8181818181818182,0.7619047619047592,0.0,0.0,0.0,0.0,0.0,1.0,0
0.13375843960990247,1.0,0.10700140028005602,0.4666666666666667,0.36363636363636365,0.952380952380949,0.0,0.0,0.0,0.0,0.0,1.0,0
0.2941235308827207,1.0,0.23528705741148231,0.3666666666666667,0.5454545454545454,0.5714285714285694,0.0,0.0,0.0,0.0,0.0,1.0,0
0.14463615903975993,0.6111111111111112,0.17800483173557788,0.7666666666666667,0.7272727272727273,0.8571428571428612,0.0,0.0,1.0,0.0,0.0,0.0,1
0.2700425106276569,1.0,0.21602320464092817,0.9666666666666667,0.7272727272727273,0.904761904761898,0.0,0.0,0.0,0.0,0.0,1.0,0
0.09374843710927733,1.0,0.07499499899979996,0.4,0.36363636363636365,0.952380952380949,0.0,0.0,0.0,0.0,0.0,1.0,0
0.10500125031257815,0.2222222222222222,0.2799893311995732,0.5,0.8181818181818182,0.5238095238095184,0.0,0.0,0.0,0.0,0.0,1.0,1
0.0,1.0,0.0,0.7333333333333333,0.7272727272727273,0.8571428571428612,0.0,0.0,1.0,0.0,0.0,0.0,0
0.12000500125031258,0.7777777777777778,0.11999899979995998,0.16666666666666669,0.1818181818181818,0.952380952380949,0.0,0.0,0.0,1.0,0.0,0.0,1
0.22253063265816453,1.0,0.17801560312062412,0.6666666666666666,0.36363636363636365,0.6190476190476204,0.0,0.0,0.0,1.0,0.0,0.0,0
0.0,1.0,0.0,0.43333333333333335,0.4545454545454545,0.904761904761898,0.0,1.0,0.0,0.0,0.0,0.0,0
0.03248312078019505,1.0,0.02598519703940788,0.6333333333333333,0.8181818181818182,0.7619047619047592,0.0,0.0,0.0,1.0,0.0,0.0,0
0.1175043760940235,1.0,0.093998799759952,0.6,0.36363636363636365,0.952380952380949,0.0,0.0,1.0,0.0,0.0,0.0,0
0.22255563890972743,1.0,0.17803560712142427,0.6,0.4545454545454545,0.904761904761898,0.0,0.0,1.0,0.0,0.0,0.0,0
0.14253563390847712,1.0,0.11402280456091218,0.7666666666666667,0.0,0.6190476190476204,0.0,0.0,0.0,0.0,0.0,1.0,0
0.1175043760940235,1.0,0.093998799759952,0.5666666666666667,0.5454545454545454,0.904761904761898,0.0,0.0,0.0,0.0,0.0,1.0,0
0.06124031007751937,0.6666666666666666,0.0699854256565599,0.2,0.6363636363636364,0.904761904761898,0.0,0.0,0.0,1.0,0.0,0.0,1
0.1342835708927232,0.2222222222222222,0.3580716143228645,0.9333333333333333,0.1818181818181818,0.6190476190476204,0.0,0.0,0.0,0.0,0.0,1.0,1
0.15001250312578146,1.0,0.12000400080016004,0.4,0.6363636363636364,0.904761904761898,0.0,0.0,1.0,0.0,0.0,0.0,0
0.059989997499374836,0.33333333333333326,0.1199739947989598,0.7333333333333333,0.7272727272727273,0.6666666666666714,0.0,0.0,0.0,1.0,0.0,0.0,1
0.31580395098774694,0.6555555555555556,0.3661311972539436,0.7333333333333333,0.7272727272727273,0.7142857142857082,0.0,0.0,0.0,0.0,0.0,1.0,1
0.059989997499374836,0.33333333333333326,0.1199739947989598,0.13333333333333333,0.9090909090909091,0.6666666666666714,0.0,0.0,0.0,0.0,0.0,1.0,1
0.5498874718679669,1.0,0.4398879775955191,0.4,0.4545454545454545,0.8571428571428612,0.0,0.0,0.0,0.0,0.0,1.0,0
0.5226306576644161,1.0,0.41808361672334465,0.3666666666666667,0.36363636363636365,0.952380952380949,1.0,0.0,0.0,0.0,0.0,0.0,0
0.15003750937734434,1.0,0.12002400480096019,0.6333333333333333,0.7272727272727273,0.5714285714285694,0.0,0.0,0.0,0.0,0.0,1.0,0
0.09939984996249061,0.16666666666666663,0.3180636127225445,0.5333333333333333,0.6363636363636364,0.7142857142857082,1.0,0.0,0.0,0.0,0.0,0.0,1
0.07636909227306826,0.6111111111111112,0.09398802837490575,0.5,0.8181818181818182,0.904761904761898,0.0,0.0,0.0,0.0,0.0,1.0,1
0.06499124781195298,1.0,0.05199039807961592,0.3,0.9999999999999999,0.8571428571428612,1.0,0.0,0.0,0.0,0.0,0.0,0
0.0,1.0,0.0,0.43333333333333335,0.8181818181818182,0.6666666666666714,0.0,0.0,0.0,0.0,0.0,1.0,0
0.29094773693423354,0.6111111111111112,0.3580716143228645,0.4666666666666667,0.36363636363636365,0.904761904761898,0.0,0.0,0.0,0.0,0.0,1.0,1
0.0,1.0,0.0,0.43333333333333335,0.9090909090909091,0.6190476190476204,1.0,0.0,0.0,0.0,0.0,0.0,0
0.4373593398349587,1.0,0.34986997399479897,0.5333333333333333,0.4545454545454545,0.7619047619047592,0.0,0.0,0.0,0.0,0.0,1.0,0
0.0,1.0,0.0,0.9,0.0,0.7142857142857082,0.0,0.0,0.0,0.0,0.0,1.0,0
0.0,1.0,0.0,0.26666666666666666,0.0,0.8571428571428612,1.0,0.0,0.0,0.0,0.0,0.0,0
0.8249562390597649,1.0,0.6599319863972795,0.23333333333333334,0.1818181818181818,0.8095238095238102,0.0,0.0,0.0,0.0,0.0,1.0,0
0.046236559139784944,0.4444444444444444,0.0739747949589918,0.5666666666666667,0.09090909090909091,0.4761904761904816,0.0,0.0,0.0,1.0,0.0,0.0,1
0.09212303075768943,0.6333333333333333,0.10999214768326802,0.5333333333333333,0.7272727272727273,0.904761904761898,0.0,0.0,0.0,1.0,0.0,0.0,1
0.11127781945486372,0.4444444444444444,0.17803560712142427,0.8666666666666667,0.8181818181818182,0.7619047619047592,1.0,0.0,0.0,0.0,0.0,0.0,1
0.11190297574393598,0.4444444444444444,0.17903580716143228,0.8,0.1818181818181818,0.7142857142857082,0.0,0.0,0.0,1.0,0.0,0.0,1
0.20005001250312576,1.0,0.16003200640128026,0.9999999999999999,0.1818181818181818,0.952380952380949,0.0,0.0,0.0,0.0,0.0,1.0,0
0.0,1.0,0.0,0.5666666666666667,0.1818181818181818,0.952380952380949,0.0,1.0,0.0,0.0,0.0,0.0,0
0.12000500125031258,0.7777777777777778,0.11999899979995998,0.8333333333333334,0.1818181818181818,0.952380952380949,0.0,0.0,0.0,0.0,0.0,1.0,1
0.2700425106276569,1.0,0.21602320464092817,0.03333333333333333,0.5454545454545454,0.8571428571428612,1.0,0.0,0.0,0.0,0.0,0.0,0
0.7501625406351587,1.0,0.6001000200040009,0.1,0.8181818181818182,0.8571428571428612,0.0,0.0,0.0,0.0,0.0,1.0,0
0.1497874468617154,1.0,0.11982396479295859,0.2,0.6363636363636364,0.5714285714285694,0.0,0.0,0.0,0.0,0.0,1.0,0
0.10155038759689922,0.6111111111111112,0.12497884192223059,0.3333333333333333,0.6363636363636364,0.904761904761898,0.0,0.0,0.0,0.0,0.0,1.0,1
0.054988747186796694,1.0,0.04398879775955191,0.9666666666666667,0.8181818181818182,0.4285714285714306,0.0,0.0,0.0,0.0,0.0,1.0,0
0.053513378344586145,0.11111111111111105,0.21404280856171234,0.16666666666666669,0.1818181818181818,0.5238095238095184,0.0,0.0,0.0,0.0,0.0,1.0,1
0.04183545886471618,0.5555555555555556,0.0557778222311129,0.9,0.2727272727272727,0.7619047619047592,0.0,0.0,0.0,1.0,0.0,0.0,1
0.18629657414353587,0.4444444444444444,0.2980596119223845,0.9,0.2727272727272727,0.6666666666666714,0.0,0.0,1.0,0.0,0.0,0.0,1
0.14928732183045762,0.2222222222222222,0.39807961592318464,0.9666666666666667,0.36363636363636365,0.8095238095238102,0.0,0.0,0.0,0.0,0.0,1.0,1
0.2500375093773443,1.0,0.20002000400080014,0.5333333333333333,0.4545454545454545,0.8571428571428612,0.0,0.0,0.0,1.0,0.0,0.0,0
0.0,1.0,0.0,0.5,0.5454545454545454,0.8571428571428612,0.0,0.0,1.0,0.0,0.0,0.0,0
0.04998749687421855,0.11111111111111105,0.19993998799759954,0.7333333333333333,0.6363636363636364,0.7142857142857082,0.0,0.0,0.0,0.0,0.0,1.0,1
0.10515128782195549,0.25555555555555554,0.25489946474143316,0.6666666666666666,0.8181818181818182,0.7142857142857082,0.0,0.0,0.0,0.0,0.0,1.0,1
0.170017504376094,1.0,0.13600720144028805,0.7666666666666667,0.36363636363636365,0.952380952380949,0.0,0.0,0.0,1.0,0.0,0.0,0
0.13753438359589898,1.0,0.11002200440088018,0.5333333333333333,0.9090909090909091,0.7142857142857082,0.0,0.0,0.0,1.0,0.0,0.0,0
0.6249062265566392,1.0,0.4998999799959992,0.5666666666666667,0.7272727272727273,0.8095238095238102,0.0,0.0,0.0,0.0,0.0,1.0,0
0.15001250312578146,1.0,0.12000400080016004,0.1,0.09090909090909091,0.952380952380949,0.0,0.0,1.0,0.0,0.0,0.0,0
0.13523380845211302,0.24444444444444446,0.3380676135227046,0.4,0.2727272727272727,0.8095238095238102,0.0,0.0,0.0,0.0,0.0,1.0,1
0.0,1.0,0.0,0.16666666666666669,0.9999999999999999,0.8095238095238102,1.0,0.0,0.0,0.0,0.0,0.0,0
0.0889972493123281,0.33333333333333326,0.1779855971194239,0.1,0.8181818181818182,0.8571428571428612,0.0,0.0,0.0,0.0,0.0,1.0,1
0.0,1.0,0.0,0.8,0.4545454545454545,0.2857142857142918,0.0,0.0,1.0,0.0,0.0,0.0,0
0.15001250312578146,1.0,0.12000400080016004,0.4,0.7272727272727273,0.5714285714285694,0.0,0.0,0.0,1.0,0.0,0.0,0
0.08249562390597649,1.0,0.06599319863972795,0.5666666666666667,0.2727272727272727,0.2380952380952408,0.0,0.0,0.0,1.0,0.0,0.0,0
0.028007001750437608,1.0,0.022404480896179236,0.5,0.9090909090909091,0.7619047619047592,0.0,0.0,0.0,0.0,0.0,1.0,0
0.04848712178044511,0.4888888888888888,0.071829180650945,0.06666666666666668,0.2727272727272727,0.5714285714285694,0.0,0.0,0.0,0.0,0.0,1.0,1
0.06229057264316079,0.19999999999999996,0.1779641642614237,0.03333333333333333,0.6363636363636364,0.8571428571428612,0.0,0.0,0.0,0.0,0.0,1.0,1
0.1450112528132033,1.0,0.11600320064012803,0.6,0.7272727272727273,0.904761904761898,0.0,0.0,0.0,0.0,0.0,1.0,0
0.17496874218554637,1.0,0.13996799359871975,0.06666666666666668,0.0,0.5238095238095184,1.0,0.0,0.0,0.0,0.0,0.0,0
0.05961490372593148,0.8888888888888888,0.05298837545286835,0.4,0.2727272727272727,0.952380952380949,0.0,0.0,0.0,0.0,0.0,1.0,1
0.04998749687421855,0.16666666666666663,0.1599519903980796,0.5666666666666667,0.36363636363636365,0.7619047619047592,0.0,0.0,0.0,0.0,0.0,1.0,1
0.20002500625156286,0.33333333333333326,0.40003000600120026,0.8,0.5454545454545454,0.904761904761898,0.0,0.0,0.0,0.0,0.0,1.0,1
0.2425356339084771,1.0,0.19401880376075215,0.4,0.9090909090909091,0.904761904761898,0.0,0.0,0.0,0.0,0.0,1.0,0
0.49949987496874215,0.4444444444444444,0.7991598319663933,0.16666666666666669,0.9090909090909091,0.8571428571428612,0.0,0.0,0.0,0.0,0.0,1.0,1
0.15001250312578146,1.0,0.12000400080016004,0.13333333333333333,0.36363636363636365,0.952380952380949,0.0,0.0,0.0,0.0,0.0,1.0,0
0.09749937484371093,0.6111111111111112,0.1199932294151138,0.43333333333333335,0.5454545454545454,0.8095238095238102,0.0,0.0,0.0,1.0,0.0,0.0,1
0.0,1.0,0.0,0.7333333333333333,0.8181818181818182,0.3333333333333286,0.0,0.0,0.0,0.0,0.0,1.0,0
0.13003250812703177,0.33333333333333326,0.2600520104020804,0.6666666666666666,0.09090909090909091,0.8571428571428612,0.0,0.0,0.0,0.0,0.0,1.0,1
0.08499624906226556,1.0,0.06799359871974395,0.5,0.1818181818181818,0.904761904761898,0.0,0.0,0.0,0.0,0.0,1.0,0
0.17251812953238307,1.0,0.13800760152030406,0.1,0.36363636363636365,0.952380952380949,0.0,0.0,0.0,0.0,0.0,1.0,0
0.05623905976494123,0.16666666666666663,0.17995599119823963,0.16666666666666669,0.9090909090909091,0.8571428571428612,0.0,0.0,0.0,0.0,0.0,1.0,1
0.2250312578144536,1.0,0.18001600320064012,0.9666666666666667,0.1818181818181818,0.8095238095238102,0.0,0.0,0.0,1.0,0.0,0.0,0
0.06499124781195298,1.0,0.05199039807961592,0.7333333333333333,0.5454545454545454,0.8571428571428612,1.0,0.0,0.0,0.0,0.0,0.0,0
0.15001250312578146,1.0,0.12000400080016004,0.7333333333333333,0.4545454545454545,0.4285714285714306,0.0,0.0,0.0,0.0,0.0,1.0,0
0.10500125031257815,0.6666666666666666,0.11999542765695999,0.8666666666666667,0.8181818181818182,0.904761904761898,0.0,0.0,0.0,1.0,0.0,0.0,1
0.2500375093773443,1.0,0.20002000400080014,0.4,0.1818181818181818,0.8095238095238102,0.0,0.0,0.0,1.0,0.0,0.0,0
0.30005001250312574,1.0,0.24002800560112023,0.1,0.4545454545454545,0.8571428571428612,0.0,0.0,1.0,0.0,0.0,0.0,0
0.12500625156289072,1.0,0.1,0.8666666666666667,0.36363636363636365,0.7142857142857082,1.0,0.0,0.0,0.0,0.0,0.0,0
0.0,1.0,0.0,0.7,0.6363636363636364,0.8095238095238102,1.0,0.0,0.0,0.0,0.0,0.0,0
0.05286321580395099,0.8888888888888888,0.046987175212820344,0.2,0.2727272727272727,0.952380952380949,0.0,0.0,0.0,0.0,0.0,1.0,1
0.04498624656164041,0.2222222222222222,0.11995732479829296,0.7666666666666667,0.1818181818181818,0.5238095238095184,0.0,0.0,0.0,0.0,0.0,1.0,1
0.10500125031257815,1.0,0.08399679935987198,0.5333333333333333,0.1818181818181818,0.952380952380949,0.0,0.0,0.0,1.0,0.0,0.0,0
0.18502125531382843,1.0,0.14800960192038407,0.5333333333333333,0.7272727272727273,0.6666666666666714,0.0,0.0,0.0,1.0,0.0,0.0,0
0.0,1.0,0.0,0.13333333333333333,0.6363636363636364,0.6666666666666714,1.0,0.0,0.0,0.0,0.0,0.0,0
0.16489122280570143,0.5555555555555556,0.21984396879375875,0.8666666666666667,0.0,0.904761904761898,0.0,0.0,1.0,0.0,0.0,0.0,1
0.37656914228557137,1.0,0.3012402480496099,0.06666666666666668,0.1818181818181818,0.952380952380949,0.0,0.0,0.0,0.0,0.0,1.0,0
0.20002500625156286,1.0,0.16001200240048008,0.03333333333333333,0.4545454545454545,0.952380952380949,0.0,1.0,0.0,0.0,0.0,0.0,0
0.0,1.0,0.0,0.6333333333333333,0.09090909090909091,0.2857142857142918,0.0,0.0,0.0,0.0,0.0,1.0,0
0.0,1.0,0.0,0.8333333333333334,0.7272727272727273,0.5714285714285694,0.0,0.0,0.0,0.0,0.0,1.0,0
0.3735933983495874,0.5555555555555556,0.4980996199239849,0.13333333333333333,0.7272727272727273,0.904761904761898,0.0,0.0,0.0,0.0,0.0,1.0,1
0.059989997499374836,1.0,0.04798959791958391,0.9666666666666667,0.2727272727272727,0.952380952380949,0.0,0.0,0.0,1.0,0.0,0.0,0
0.0,1.0,0.0,0.03333333333333333,0.09090909090909091,0.952380952380949,0.0,0.0,1.0,0.0,0.0,0.0,0
0.15503875968992248,0.4444444444444444,0.2480496099219844,0.3666666666666667,0.09090909090909091,0.904761904761898,0.0,0.0,0.0,0.0,0.0,1.0,1
0.11190297574393598,0.4444444444444444,0.17903580716143228,0.9,0.0,0.7142857142857082,0.0,0.0,0.0,0.0,0.0,1.0,1
0.10260065016254064,0.7333333333333334,0.10799528326717975,0.6666666666666666,0.09090909090909091,0.904761904761898,0.0,0.0,0.0,0.0,0.0,1.0,1
0.6249062265566392,1.0,0.4998999799959992,0.0,0.09090909090909091,0.8571428571428612,0.0,0.0,0.0,1.0,0.0,0.0,0
0.49762440610152536,1.0,0.39807961592318464,0.9666666666666667,0.2727272727272727,0.952380952380949,0.0,0.0,1.0,0.0,0.0,0.0,0
0.5498874718679669,1.0,0.4398879775955191,0.26666666666666666,0.9090909090909091,0.1904761904761898,0.0,0.0,0.0,0.0,0.0,1.0,0
0.1175043760940235,1.0,0.093998799759952,0.3666666666666667,0.36363636363636365,0.7619047619047592,0.0,0.0,0.0,0.0,0.0,1.0,0
0.3483370842710678,0.6666666666666666,0.3980796159231847,0.9,0.7272727272727273,0.8095238095238102,0.0,0.0,0.0,0.0,0.0,1.0,1
0.13000750187546886,0.6111111111111112,0.16000123101543384,0.03333333333333333,0.2727272727272727,0.952380952380949,0.0,0.0,0.0,0.0,0.0,1.0,1
